,user_name,repo_name,stars,repo_url,topic_url
0,mrdoob,three.js,82.5k,https://github.com/mrdoob/three.js,https://github.com/topics/3d
1,libgdx,libgdx,20.1k,https://github.com/libgdx/libgdx,https://github.com/topics/3d
2,pmndrs,react-three-fiber,18.3k,https://github.com/pmndrs/react-three-fiber,https://github.com/topics/3d
3,BabylonJS,Babylon.js,17.5k,https://github.com/BabylonJS/Babylon.js,https://github.com/topics/3d
4,aframevr,aframe,14.2k,https://github.com/aframevr/aframe,https://github.com/topics/3d
5,ssloy,tinyrenderer,13.8k,https://github.com/ssloy/tinyrenderer,https://github.com/topics/3d
6,lettier,3d-game-shaders-for-beginners,13.1k,https://github.com/lettier/3d-game-shaders-for-beginners,https://github.com/topics/3d
7,FreeCAD,FreeCAD,11.4k,https://github.com/FreeCAD/FreeCAD,https://github.com/topics/3d
8,metafizzy,zdog,9.2k,https://github.com/metafizzy/zdog,https://github.com/topics/3d
9,CesiumGS,cesium,8.7k,https://github.com/CesiumGS/cesium,https://github.com/topics/3d
10,timzhang642,3D-Machine-Learning,8k,https://github.com/timzhang642/3D-Machine-Learning,https://github.com/topics/3d
11,a1studmuffin,SpaceshipGenerator,7.1k,https://github.com/a1studmuffin/SpaceshipGenerator,https://github.com/topics/3d
12,isl-org,Open3D,6.8k,https://github.com/isl-org/Open3D,https://github.com/topics/3d
13,blender,blender,5.7k,https://github.com/blender/blender,https://github.com/topics/3d
14,domlysz,BlenderGIS,5.3k,https://github.com/domlysz/BlenderGIS,https://github.com/topics/3d
15,spritejs,spritejs,4.9k,https://github.com/spritejs/spritejs,https://github.com/topics/3d
16,openscad,openscad,4.8k,https://github.com/openscad/openscad,https://github.com/topics/3d
17,tensorspace-team,tensorspace,4.6k,https://github.com/tensorspace-team/tensorspace,https://github.com/topics/3d
18,jagenjo,webglstudio.js,4.6k,https://github.com/jagenjo/webglstudio.js,https://github.com/topics/3d
19,YadiraF,PRNet,4.6k,https://github.com/YadiraF/PRNet,https://github.com/topics/3d
20,AaronJackson,vrn,4.4k,https://github.com/AaronJackson/vrn,https://github.com/topics/3d
21,google,model-viewer,4.4k,https://github.com/google/model-viewer,https://github.com/topics/3d
22,ssloy,tinyraytracer,4.2k,https://github.com/ssloy/tinyraytracer,https://github.com/topics/3d
23,mosra,magnum,4k,https://github.com/mosra/magnum,https://github.com/topics/3d
24,FyroxEngine,Fyrox,4k,https://github.com/FyroxEngine/Fyrox,https://github.com/topics/3d
25,gfxfundamentals,webgl-fundamentals,3.6k,https://github.com/gfxfundamentals/webgl-fundamentals,https://github.com/topics/3d
26,tengbao,vanta,3.6k,https://github.com/tengbao/vanta,https://github.com/topics/3d
27,cleardusk,3DDFA,3.3k,https://github.com/cleardusk/3DDFA,https://github.com/topics/3d
28,jasonlong,isometric-contributions,3.2k,https://github.com/jasonlong/isometric-contributions,https://github.com/topics/3d
29,cnr-isti-vclab,meshlab,3k,https://github.com/cnr-isti-vclab/meshlab,https://github.com/topics/3d
30,ljianshu,Blog,7.1k,https://github.com/ljianshu/Blog,https://github.com/topics/ajax
31,developit,unfetch,5.3k,https://github.com/developit/unfetch,https://github.com/topics/ajax
32,jquery-form,form,5.1k,https://github.com/jquery-form/form,https://github.com/topics/ajax
33,olifolkerd,tabulator,4.7k,https://github.com/olifolkerd/tabulator,https://github.com/topics/ajax
34,ded,reqwest,2.9k,https://github.com/ded/reqwest,https://github.com/topics/ajax
35,elbywan,wretch,2.4k,https://github.com/elbywan/wretch,https://github.com/topics/ajax
36,yisainan,web-interview,2k,https://github.com/yisainan/web-interview,https://github.com/topics/ajax
37,ptaoussanis,sente,1.6k,https://github.com/ptaoussanis/sente,https://github.com/topics/ajax
38,nette,tracy,1.5k,https://github.com/nette/tracy,https://github.com/topics/ajax
39,k8w,tsrpc,1.1k,https://github.com/k8w/tsrpc,https://github.com/topics/ajax
40,swlib,saber,957,https://github.com/swlib/saber,https://github.com/topics/ajax
41,opensource-socialnetwork,opensource-socialnetwork,864,https://github.com/opensource-socialnetwork/opensource-socialnetwork,https://github.com/topics/ajax
42,webcreate,infinite-ajax-scroll,860,https://github.com/webcreate/infinite-ajax-scroll,https://github.com/topics/ajax
43,karosLi,KKJSBridge,580,https://github.com/karosLi/KKJSBridge,https://github.com/topics/ajax
44,cferdinandi,atomic,540,https://github.com/cferdinandi/atomic,https://github.com/topics/ajax
45,GoogTech,sms-ssm,508,https://github.com/GoogTech/sms-ssm,https://github.com/topics/ajax
46,dashborg,hibiki,418,https://github.com/dashborg/hibiki,https://github.com/topics/ajax
47,englercj,resource-loader,397,https://github.com/englercj/resource-loader,https://github.com/topics/ajax
48,jsGanttImproved,jsgantt-improved,382,https://github.com/jsGanttImproved/jsgantt-improved,https://github.com/topics/ajax
49,klis87,redux-requests,361,https://github.com/klis87/redux-requests,https://github.com/topics/ajax
50,loadingio,loading-bar,356,https://github.com/loadingio/loading-bar,https://github.com/topics/ajax
51,yceruto,django-ajax,315,https://github.com/yceruto/django-ajax,https://github.com/topics/ajax
52,trco,django-bootstrap-modal-forms,318,https://github.com/trco/django-bootstrap-modal-forms,https://github.com/topics/ajax
53,tulios,mappersmith,307,https://github.com/tulios/mappersmith,https://github.com/topics/ajax
54,anzhihe,Free-Web-Books,302,https://github.com/anzhihe/Free-Web-Books,https://github.com/topics/ajax
55,davgothic,AjaxFileUpload,297,https://github.com/davgothic/AjaxFileUpload,https://github.com/topics/ajax
56,donavon,thwack,272,https://github.com/donavon/thwack,https://github.com/topics/ajax
57,GerryIsWarrior,ajax,265,https://github.com/GerryIsWarrior/ajax,https://github.com/topics/ajax
58,maliangnansheng,bbs-ssm,273,https://github.com/maliangnansheng/bbs-ssm,https://github.com/topics/ajax
59,kishan0725,AJAX-Movie-Recommendation-System-with-Sentiment-Analysis,266,https://github.com/kishan0725/AJAX-Movie-Recommendation-System-with-Sentiment-Analysis,https://github.com/topics/ajax
60,jwasham,coding-interview-university,221k,https://github.com/jwasham/coding-interview-university,https://github.com/topics/algorithm
61,CyC2018,CS-Notes,152k,https://github.com/CyC2018/CS-Notes,https://github.com/topics/algorithm
62,trekhleb,javascript-algorithms,143k,https://github.com/trekhleb/javascript-algorithms,https://github.com/topics/algorithm
63,TheAlgorithms,Python,137k,https://github.com/TheAlgorithms/Python,https://github.com/topics/algorithm
64,yangshun,tech-interview-handbook,71.4k,https://github.com/yangshun/tech-interview-handbook,https://github.com/topics/algorithm
65,kdn251,interviews,57.4k,https://github.com/kdn251/interviews,https://github.com/topics/algorithm
66,azl397985856,leetcode,48.2k,https://github.com/azl397985856/leetcode,https://github.com/topics/algorithm
67,TheAlgorithms,Java,46.3k,https://github.com/TheAlgorithms/Java,https://github.com/topics/algorithm
68,algorithm-visualizer,algorithm-visualizer,37k,https://github.com/algorithm-visualizer/algorithm-visualizer,https://github.com/topics/algorithm
69,youngyangyang04,leetcode-master,27.3k,https://github.com/youngyangyang04/leetcode-master,https://github.com/topics/algorithm
70,crossoverJie,JCSprout,26.7k,https://github.com/crossoverJie/JCSprout,https://github.com/topics/algorithm
71,donnemartin,interactive-coding-challenges,25.5k,https://github.com/donnemartin/interactive-coding-challenges,https://github.com/topics/algorithm
72,halfrost,LeetCode-Go,25.4k,https://github.com/halfrost/LeetCode-Go,https://github.com/topics/algorithm
73,huihut,interview,24.4k,https://github.com/huihut/interview,https://github.com/topics/algorithm
74,keon,algorithms,20.9k,https://github.com/keon/algorithms,https://github.com/topics/algorithm
75,TheAlgorithms,JavaScript,20.1k,https://github.com/TheAlgorithms/JavaScript,https://github.com/topics/algorithm
76,TheAlgorithms,C-Plus-Plus,19.6k,https://github.com/TheAlgorithms/C-Plus-Plus,https://github.com/topics/algorithm
77,trekhleb,homemade-machine-learning,19.3k,https://github.com/trekhleb/homemade-machine-learning,https://github.com/topics/algorithm
78,mxgmn,WaveFunctionCollapse,18.7k,https://github.com/mxgmn/WaveFunctionCollapse,https://github.com/topics/algorithm
79,AtsushiSakai,PythonRobotics,15.4k,https://github.com/AtsushiSakai/PythonRobotics,https://github.com/topics/algorithm
80,greyireland,algorithm-pattern,13.5k,https://github.com/greyireland/algorithm-pattern,https://github.com/topics/algorithm
81,OpenGenus,cosmos,13k,https://github.com/OpenGenus/cosmos,https://github.com/topics/algorithm
82,williamfiset,Algorithms,12.8k,https://github.com/williamfiset/Algorithms,https://github.com/topics/algorithm
83,halfrost,Halfrost-Field,11.1k,https://github.com/halfrost/Halfrost-Field,https://github.com/topics/algorithm
84,apachecn,apachecn-algo-zh,10.6k,https://github.com/apachecn/apachecn-algo-zh,https://github.com/topics/algorithm
85,lnishan,awesome-competitive-programming,9.8k,https://github.com/lnishan/awesome-competitive-programming,https://github.com/topics/algorithm
86,Blankj,awesome-java-leetcode,8.4k,https://github.com/Blankj/awesome-java-leetcode,https://github.com/topics/algorithm
87,jeffgerickson,algorithms,7.5k,https://github.com/jeffgerickson/algorithms,https://github.com/topics/algorithm
88,LeetCode-OpenSource,vscode-leetcode,7.3k,https://github.com/LeetCode-OpenSource/vscode-leetcode,https://github.com/topics/algorithm
89,mgechev,javascript-algorithms,7.3k,https://github.com/mgechev/javascript-algorithms,https://github.com/topics/algorithm
90,amphp,amp,3.6k,https://github.com/amphp/amp,https://github.com/topics/amphp
91,danog,MadelineProto,2k,https://github.com/danog/MadelineProto,https://github.com/topics/amphp
92,amphp,http-server,1.2k,https://github.com/amphp/http-server,https://github.com/topics/amphp
93,unreal4u,telegram-api,715,https://github.com/unreal4u/telegram-api,https://github.com/topics/amphp
94,amphp,http-client,611,https://github.com/amphp/http-client,https://github.com/topics/amphp
95,amphp,parallel,584,https://github.com/amphp/parallel,https://github.com/topics/amphp
96,php-service-bus,service-bus,319,https://github.com/php-service-bus/service-bus,https://github.com/topics/amphp
97,amphp,byte-stream,291,https://github.com/amphp/byte-stream,https://github.com/topics/amphp
98,amphp,mysql,274,https://github.com/amphp/mysql,https://github.com/topics/amphp
99,amphp,parallel-functions,226,https://github.com/amphp/parallel-functions,https://github.com/topics/amphp
100,amphp,process,178,https://github.com/amphp/process,https://github.com/topics/amphp
101,amphp,socket,165,https://github.com/amphp/socket,https://github.com/topics/amphp
102,amphp,redis,128,https://github.com/amphp/redis,https://github.com/topics/amphp
103,amphp,dns,120,https://github.com/amphp/dns,https://github.com/topics/amphp
104,kelunik,acme,110,https://github.com/kelunik/acme,https://github.com/topics/amphp
105,amphp,sync,110,https://github.com/amphp/sync,https://github.com/topics/amphp
106,amphp,websocket-client,103,https://github.com/amphp/websocket-client,https://github.com/topics/amphp
107,PeeHaa,mailgrab,92,https://github.com/PeeHaa/mailgrab,https://github.com/topics/amphp
108,amphp,websocket-server,79,https://github.com/amphp/websocket-server,https://github.com/topics/amphp
109,amphp,file,74,https://github.com/amphp/file,https://github.com/topics/amphp
110,jolicode,asynit,69,https://github.com/jolicode/asynit,https://github.com/topics/amphp
111,amphp,cache,76,https://github.com/amphp/cache,https://github.com/topics/amphp
112,amphp,serialization,75,https://github.com/amphp/serialization,https://github.com/topics/amphp
113,amphp,postgres,65,https://github.com/amphp/postgres,https://github.com/topics/amphp
114,amphp,windows-registry,71,https://github.com/amphp/windows-registry,https://github.com/topics/amphp
115,amphp,hpack,70,https://github.com/amphp/hpack,https://github.com/topics/amphp
116,amphp,beanstalk,59,https://github.com/amphp/beanstalk,https://github.com/topics/amphp
117,phpinnacle,ridge,46,https://github.com/phpinnacle/ridge,https://github.com/topics/amphp
118,amphp,aerys,45,https://github.com/amphp/aerys,https://github.com/topics/amphp
119,amphp,cluster,43,https://github.com/amphp/cluster,https://github.com/topics/amphp
120,flutter,flutter,142k,https://github.com/flutter/flutter,https://github.com/topics/android
121,justjavac,free-programming-books-zh_CN,93.2k,https://github.com/justjavac/free-programming-books-zh_CN,https://github.com/topics/android
122,Genymobile,scrcpy,66k,https://github.com/Genymobile/scrcpy,https://github.com/topics/android
123,Hack-with-Github,Awesome-Hacking,51.3k,https://github.com/Hack-with-Github/Awesome-Hacking,https://github.com/topics/android
124,google,material-design-icons,45.9k,https://github.com/google/material-design-icons,https://github.com/topics/android
125,wasabeef,awesome-android-ui,42.7k,https://github.com/wasabeef/awesome-android-ui,https://github.com/topics/android
126,square,okhttp,42.3k,https://github.com/square/okhttp,https://github.com/topics/android
127,android,architecture-samples,40.9k,https://github.com/android/architecture-samples,https://github.com/topics/android
128,Solido,awesome-flutter,40.8k,https://github.com/Solido/awesome-flutter,https://github.com/topics/android
129,square,retrofit,40k,https://github.com/square/retrofit,https://github.com/topics/android
130,PhilJay,MPAndroidChart,35.2k,https://github.com/PhilJay/MPAndroidChart,https://github.com/topics/android
131,fastlane,fastlane,35k,https://github.com/fastlane/fastlane,https://github.com/topics/android
132,airbnb,lottie-android,32.8k,https://github.com/airbnb/lottie-android,https://github.com/topics/android
133,bumptech,glide,32.6k,https://github.com/bumptech/glide,https://github.com/topics/android
134,shadowsocks,shadowsocks-android,32.6k,https://github.com/shadowsocks/shadowsocks-android,https://github.com/topics/android
135,Trinea,android-open-project,30.9k,https://github.com/Trinea/android-open-project,https://github.com/topics/android
136,Blankj,AndroidUtilCode,30.9k,https://github.com/Blankj/AndroidUtilCode,https://github.com/topics/android
137,xitu,gold-miner,30.8k,https://github.com/xitu/gold-miner,https://github.com/topics/android
138,bilibili,ijkplayer,30.4k,https://github.com/bilibili/ijkplayer,https://github.com/topics/android
139,skylot,jadx,30.4k,https://github.com/skylot/jadx,https://github.com/topics/android
140,laurent22,joplin,30k,https://github.com/laurent22/joplin,https://github.com/topics/android
141,zxing,zxing,29.7k,https://github.com/zxing/zxing,https://github.com/topics/android
142,codepath,android_guides,27.8k,https://github.com/codepath/android_guides,https://github.com/topics/android
143,square,leakcanary,27.6k,https://github.com/square/leakcanary,https://github.com/topics/android
144,alibaba,fastjson,24.7k,https://github.com/alibaba/fastjson,https://github.com/topics/android
145,scwang90,SmartRefreshLayout,23.6k,https://github.com/scwang90/SmartRefreshLayout,https://github.com/topics/android
146,CymChad,BaseRecyclerViewAdapterHelper,22.9k,https://github.com/CymChad/BaseRecyclerViewAdapterHelper,https://github.com/topics/android
147,appwrite,appwrite,22.5k,https://github.com/appwrite/appwrite,https://github.com/topics/android
148,react-native-elements,react-native-elements,22.4k,https://github.com/react-native-elements/react-native-elements,https://github.com/topics/android
149,google,iosched,21.5k,https://github.com/google/iosched,https://github.com/topics/android
150,justjavac,free-programming-books-zh_CN,93.2k,https://github.com/justjavac/free-programming-books-zh_CN,https://github.com/topics/angular
151,angular,angular,81.9k,https://github.com/angular/angular,https://github.com/topics/angular
152,storybookjs,storybook,71.4k,https://github.com/storybookjs/storybook,https://github.com/topics/angular
153,leonardomso,33-js-concepts,49.3k,https://github.com/leonardomso/33-js-concepts,https://github.com/topics/angular
154,ionic-team,ionic-framework,47.4k,https://github.com/ionic-team/ionic-framework,https://github.com/topics/angular
155,prettier,prettier,42.8k,https://github.com/prettier/prettier,https://github.com/topics/angular
156,SheetJS,sheetjs,30.3k,https://github.com/SheetJS/sheetjs,https://github.com/topics/angular
157,angular,angular-cli,25.4k,https://github.com/angular/angular-cli,https://github.com/topics/angular
158,angular,components,22.7k,https://github.com/angular/components,https://github.com/topics/angular
159,NativeScript,NativeScript,21.3k,https://github.com/NativeScript/NativeScript,https://github.com/topics/angular
160,jhipster,generator-jhipster,19.6k,https://github.com/jhipster/generator-jhipster,https://github.com/topics/angular
161,goldbergyoni,javascript-testing-best-practices,17.7k,https://github.com/goldbergyoni/javascript-testing-best-practices,https://github.com/topics/angular
162,pubkey,rxdb,17.6k,https://github.com/pubkey/rxdb,https://github.com/topics/angular
163,handsontable,handsontable,16.7k,https://github.com/handsontable/handsontable,https://github.com/topics/angular
164,teambit,bit,15.3k,https://github.com/teambit/bit,https://github.com/topics/angular
165,sweetalert2,sweetalert2,14.6k,https://github.com/sweetalert2/sweetalert2,https://github.com/topics/angular
166,nrwl,nx,12.9k,https://github.com/nrwl/nx,https://github.com/topics/angular
167,linnovate,mean,12.2k,https://github.com/linnovate/mean,https://github.com/topics/angular
168,codesandbox,codesandbox-client,11.6k,https://github.com/codesandbox/codesandbox-client,https://github.com/topics/angular
169,Chocobozzz,PeerTube,10.7k,https://github.com/Chocobozzz/PeerTube,https://github.com/topics/angular
170,PatrickJS,angular-starter,10.4k,https://github.com/PatrickJS/angular-starter,https://github.com/topics/angular
171,sudheerj,javascript-interview-questions,10.2k,https://github.com/sudheerj/javascript-interview-questions,https://github.com/topics/angular
172,angular,protractor,8.8k,https://github.com/angular/protractor,https://github.com/topics/angular
173,dotansimha,graphql-code-generator,8.8k,https://github.com/dotansimha/graphql-code-generator,https://github.com/topics/angular
174,jasontaylordev,CleanArchitecture,8.7k,https://github.com/jasontaylordev/CleanArchitecture,https://github.com/topics/angular
175,ag-grid,ag-grid,8.7k,https://github.com/ag-grid/ag-grid,https://github.com/topics/angular
176,OnsenUI,OnsenUI,8.6k,https://github.com/OnsenUI/OnsenUI,https://github.com/topics/angular
177,PatrickJS,awesome-angular,8.3k,https://github.com/PatrickJS/awesome-angular,https://github.com/topics/angular
178,NG-ZORRO,ng-zorro-antd,8.1k,https://github.com/NG-ZORRO/ng-zorro-antd,https://github.com/topics/angular
179,text-mask,text-mask,8.1k,https://github.com/text-mask/text-mask,https://github.com/topics/angular
180,ansible,ansible,53.4k,https://github.com/ansible/ansible,https://github.com/topics/ansible
181,trailofbits,algo,25.6k,https://github.com/trailofbits/algo,https://github.com/topics/ansible
182,bregman-arie,devops-exercises,25.2k,https://github.com/bregman-arie/devops-exercises,https://github.com/topics/ansible
183,StreisandEffect,streisand,22.8k,https://github.com/StreisandEffect/streisand,https://github.com/topics/ansible
184,MichaelCade,90DaysOfDevOps,13.5k,https://github.com/MichaelCade/90DaysOfDevOps,https://github.com/topics/ansible
185,kubernetes-sigs,kubespray,12.3k,https://github.com/kubernetes-sigs/kubespray,https://github.com/topics/ansible
186,ansible,awx,11k,https://github.com/ansible/awx,https://github.com/topics/ansible
187,easzlab,kubeasz,8.2k,https://github.com/easzlab/kubeasz,https://github.com/topics/ansible
188,geerlingguy,ansible-for-devops,5.8k,https://github.com/geerlingguy/ansible-for-devops,https://github.com/topics/ansible
189,khuedoan,homelab,5.8k,https://github.com/khuedoan/homelab,https://github.com/topics/ansible
190,curlconverter,curlconverter,5.6k,https://github.com/curlconverter/curlconverter,https://github.com/topics/ansible
191,ansible-semaphore,semaphore,5k,https://github.com/ansible-semaphore/semaphore,https://github.com/topics/ansible
192,Tikam02,DevOps-Guide,4.8k,https://github.com/Tikam02/DevOps-Guide,https://github.com/topics/ansible
193,rundeck,rundeck,4.6k,https://github.com/rundeck/rundeck,https://github.com/topics/ansible
194,KubeOperator,KubeOperator,4.3k,https://github.com/KubeOperator/KubeOperator,https://github.com/topics/ansible
195,clong,DetectionLab,3.6k,https://github.com/clong/DetectionLab,https://github.com/topics/ansible
196,ansible-community,molecule,3.4k,https://github.com/ansible-community/molecule,https://github.com/topics/ansible
197,opendevops-cn,opendevops,3.2k,https://github.com/opendevops-cn/opendevops,https://github.com/topics/ansible
198,werf,werf,3.2k,https://github.com/werf/werf,https://github.com/topics/ansible
199,netbootxyz,netboot.xyz,3.1k,https://github.com/netbootxyz/netboot.xyz,https://github.com/topics/ansible
200,litmuschaos,litmus,3k,https://github.com/litmuschaos/litmus,https://github.com/topics/ansible
201,welliamcao,OpsManage,2.9k,https://github.com/welliamcao/OpsManage,https://github.com/topics/ansible
202,ansible,ansible-lint,2.8k,https://github.com/ansible/ansible-lint,https://github.com/topics/ansible
203,dev-sec,ansible-collection-hardening,2.8k,https://github.com/dev-sec/ansible-collection-hardening,https://github.com/topics/ansible
204,alixaxel,chrome-aws-lambda,2.7k,https://github.com/alixaxel/chrome-aws-lambda,https://github.com/topics/ansible
205,roots,trellis,2.3k,https://github.com/roots/trellis,https://github.com/topics/ansible
206,ansistrano,deploy,2.2k,https://github.com/ansistrano/deploy,https://github.com/topics/ansible
207,fboender,ansible-cmdb,2.1k,https://github.com/fboender/ansible-cmdb,https://github.com/topics/ansible
208,openshift,openshift-ansible,2.1k,https://github.com/openshift/openshift-ansible,https://github.com/topics/ansible
209,pytest-dev,pytest-testinfra,2.1k,https://github.com/pytest-dev/pytest-testinfra,https://github.com/topics/ansible
210,public-apis,public-apis,195k,https://github.com/public-apis/public-apis,https://github.com/topics/api
211,neovim,neovim,54.2k,https://github.com/neovim/neovim,https://github.com/topics/api
212,tiangolo,fastapi,45.9k,https://github.com/tiangolo/fastapi,https://github.com/topics/api
213,strapi,strapi,45.4k,https://github.com/strapi/strapi,https://github.com/topics/api
214,hoppscotch,hoppscotch,44k,https://github.com/hoppscotch/hoppscotch,https://github.com/topics/api
215,slatedocs,slate,34.1k,https://github.com/slatedocs/slate,https://github.com/topics/api
216,hasura,graphql-engine,26.9k,https://github.com/hasura/graphql-engine,https://github.com/topics/api
217,ccxt,ccxt,24.7k,https://github.com/ccxt/ccxt,https://github.com/topics/api
218,Binaryify,NeteaseCloudMusicApi,24.3k,https://github.com/Binaryify/NeteaseCloudMusicApi,https://github.com/topics/api
219,YMFE,yapi,24.3k,https://github.com/YMFE/yapi,https://github.com/topics/api
220,encode,django-rest-framework,23.5k,https://github.com/encode/django-rest-framework,https://github.com/topics/api
221,littlecodersh,ItChat,22.2k,https://github.com/littlecodersh/ItChat,https://github.com/topics/api
222,httpie,httpie,21.8k,https://github.com/httpie/httpie,https://github.com/topics/api
223,Kong,insomnia,21.1k,https://github.com/Kong/insomnia,https://github.com/topics/api
224,paularmstrong,normalizr,20.9k,https://github.com/paularmstrong/normalizr,https://github.com/topics/api
225,FallibleInc,security-guide-for-developers,20.2k,https://github.com/FallibleInc/security-guide-for-developers,https://github.com/topics/api
226,microsoft,api-guidelines,19.3k,https://github.com/microsoft/api-guidelines,https://github.com/topics/api
227,pubkey,rxdb,17.6k,https://github.com/pubkey/rxdb,https://github.com/topics/api
228,shieldfy,API-Security-Checklist,17.2k,https://github.com/shieldfy/API-Security-Checklist,https://github.com/topics/api
229,directus,directus,16.2k,https://github.com/directus/directus,https://github.com/topics/api
230,ChainSafe,web3.js,15.2k,https://github.com/ChainSafe/web3.js,https://github.com/topics/api
231,learn-anything,learn-anything,14k,https://github.com/learn-anything/learn-anything,https://github.com/topics/api
232,youfou,wxpy,13.3k,https://github.com/youfou/wxpy,https://github.com/topics/api
233,jsdoc,jsdoc,12.9k,https://github.com/jsdoc/jsdoc,https://github.com/topics/api
234,BrainJS,brain.js,12.6k,https://github.com/BrainJS/brain.js,https://github.com/topics/api
235,OpenAPITools,openapi-generator,12.4k,https://github.com/OpenAPITools/openapi-generator,https://github.com/topics/api
236,fangzesheng,free-api,12.3k,https://github.com/fangzesheng/free-api,https://github.com/topics/api
237,go-chi,chi,11.6k,https://github.com/go-chi/chi,https://github.com/topics/api
238,graphile,postgraphile,11.3k,https://github.com/graphile/postgraphile,https://github.com/topics/api
239,postmanlabs,httpbin,10.9k,https://github.com/postmanlabs/httpbin,https://github.com/topics/api
240,arendst,Tasmota,17.7k,https://github.com/arendst/Tasmota,https://github.com/topics/arduino
241,MarlinFirmware,Marlin,13.2k,https://github.com/MarlinFirmware/Marlin,https://github.com/topics/arduino
242,arduino,Arduino,12.9k,https://github.com/arduino/Arduino,https://github.com/topics/arduino
243,rwaldron,johnny-five,12.7k,https://github.com/rwaldron/johnny-five,https://github.com/topics/arduino
244,tinygo-org,tinygo,10.5k,https://github.com/tinygo-org/tinygo,https://github.com/topics/arduino
245,SpacehuhnTech,esp8266_deauther,10.1k,https://github.com/SpacehuhnTech/esp8266_deauther,https://github.com/topics/arduino
246,espressif,arduino-esp32,8.7k,https://github.com/espressif/arduino-esp32,https://github.com/topics/arduino
247,hybridgroup,gobot,7.8k,https://github.com/hybridgroup/gobot,https://github.com/topics/arduino
248,platformio,platformio-core,5.9k,https://github.com/platformio/platformio-core,https://github.com/topics/arduino
249,bblanchon,ArduinoJson,5.7k,https://github.com/bblanchon/ArduinoJson,https://github.com/topics/arduino
250,tzapu,WiFiManager,5.2k,https://github.com/tzapu/WiFiManager,https://github.com/topics/arduino
251,Arduino-IRremote,Arduino-IRremote,3.6k,https://github.com/Arduino-IRremote/Arduino-IRremote,https://github.com/topics/arduino
252,arduino,arduino-cli,3.4k,https://github.com/arduino/arduino-cli,https://github.com/topics/arduino
253,blynkkk,blynk-library,3.4k,https://github.com/blynkkk/blynk-library,https://github.com/topics/arduino
254,NectarJS,nectarjs,3.3k,https://github.com/NectarJS/nectarjs,https://github.com/topics/arduino
255,olikraus,u8g2,3.1k,https://github.com/olikraus/u8g2,https://github.com/topics/arduino
256,ClemensElflein,OpenMower,3k,https://github.com/ClemensElflein/OpenMower,https://github.com/topics/arduino
257,Serial-Studio,Serial-Studio,2.7k,https://github.com/Serial-Studio/Serial-Studio,https://github.com/topics/arduino
258,1technophile,OpenMQTTGateway,2.6k,https://github.com/1technophile/OpenMQTTGateway,https://github.com/topics/arduino
259,scottlawsonbc,audio-reactive-led-strip,2.3k,https://github.com/scottlawsonbc/audio-reactive-led-strip,https://github.com/topics/arduino
260,scottbez1,splitflap,2.3k,https://github.com/scottbez1/splitflap,https://github.com/topics/arduino
261,isl-org,OpenBot,2.2k,https://github.com/isl-org/OpenBot,https://github.com/topics/arduino
262,crankyoldgit,IRremoteESP8266,2.1k,https://github.com/crankyoldgit/IRremoteESP8266,https://github.com/topics/arduino
263,stm32duino,Arduino_Core_STM32,1.9k,https://github.com/stm32duino/Arduino_Core_STM32,https://github.com/topics/arduino
264,Bodmer,TFT_eSPI,1.9k,https://github.com/Bodmer/TFT_eSPI,https://github.com/topics/arduino
265,nRF24,RF24,1.9k,https://github.com/nRF24/RF24,https://github.com/topics/arduino
266,blinker-iot,blinker-library,1.8k,https://github.com/blinker-iot/blinker-library,https://github.com/topics/arduino
267,ThingPulse,esp8266-oled-ssd1306,1.7k,https://github.com/ThingPulse/esp8266-oled-ssd1306,https://github.com/topics/arduino
268,vshymanskyy,TinyGSM,1.5k,https://github.com/vshymanskyy/TinyGSM,https://github.com/topics/arduino
269,earlephilhower,ESP8266Audio,1.4k,https://github.com/earlephilhower/ESP8266Audio,https://github.com/topics/arduino
270,dotnet,AspNetCore.Docs,10.5k,https://github.com/dotnet/AspNetCore.Docs,https://github.com/topics/aspnet
271,aspnetboilerplate,aspnetboilerplate,10.4k,https://github.com/aspnetboilerplate/aspnetboilerplate,https://github.com/topics/aspnet
272,bitwarden,server,9.9k,https://github.com/bitwarden/server,https://github.com/topics/aspnet
273,abpframework,abp,8.1k,https://github.com/abpframework/abp,https://github.com/topics/aspnet
274,nopSolutions,nopCommerce,7.3k,https://github.com/nopSolutions/nopCommerce,https://github.com/topics/aspnet
275,ElectronNET,Electron.NET,6.3k,https://github.com/ElectronNET/Electron.NET,https://github.com/topics/aspnet
276,RicoSuter,NSwag,5.2k,https://github.com/RicoSuter/NSwag,https://github.com/topics/aspnet
277,thangchung,clean-code-dotnet,5k,https://github.com/thangchung/clean-code-dotnet,https://github.com/topics/aspnet
278,JimBobSquarePants,ImageProcessor,2.5k,https://github.com/JimBobSquarePants/ImageProcessor,https://github.com/topics/aspnet
279,smartstore,SmartStoreNET,2.5k,https://github.com/smartstore/SmartStoreNET,https://github.com/topics/aspnet
280,dotnet,aspnet-api-versioning,2.3k,https://github.com/dotnet/aspnet-api-versioning,https://github.com/topics/aspnet
281,serenity-is,Serenity,2.2k,https://github.com/serenity-is/Serenity,https://github.com/topics/aspnet
282,loic-sharma,BaGet,2k,https://github.com/loic-sharma/BaGet,https://github.com/topics/aspnet
283,mjebrahimi,Awesome-Microservices-DotNet,1.8k,https://github.com/mjebrahimi/Awesome-Microservices-DotNet,https://github.com/topics/aspnet
284,TrilonIO,aspnetcore-angular-universal,1.5k,https://github.com/TrilonIO/aspnetcore-angular-universal,https://github.com/topics/aspnet
285,TrilonIO,aspnetcore-Vue-starter,1.2k,https://github.com/TrilonIO/aspnetcore-Vue-starter,https://github.com/topics/aspnet
286,MarimerLLC,csla,1k,https://github.com/MarimerLLC/csla,https://github.com/topics/aspnet
287,riganti,dotvvm,607,https://github.com/riganti/dotvvm,https://github.com/topics/aspnet
288,cornflourblue,aspnet-core-3-jwt-authentication-api,607,https://github.com/cornflourblue/aspnet-core-3-jwt-authentication-api,https://github.com/topics/aspnet
289,antonioCoco,SharPyShell,598,https://github.com/antonioCoco/SharPyShell,https://github.com/topics/aspnet
290,json-api-dotnet,JsonApiDotNetCore,557,https://github.com/json-api-dotnet/JsonApiDotNetCore,https://github.com/topics/aspnet
291,chsakell,mvcarchitecture,458,https://github.com/chsakell/mvcarchitecture,https://github.com/topics/aspnet
292,brthor,Gofer.NET,443,https://github.com/brthor/Gofer.NET,https://github.com/topics/aspnet
293,YAFNET,YAFNET,430,https://github.com/YAFNET/YAFNET,https://github.com/topics/aspnet
294,Maarten88,rrod,377,https://github.com/Maarten88/rrod,https://github.com/topics/aspnet
295,SapphireDb,SapphireDb,379,https://github.com/SapphireDb/SapphireDb,https://github.com/topics/aspnet
296,Taritsyn,WebMarkupMin,367,https://github.com/Taritsyn/WebMarkupMin,https://github.com/topics/aspnet
297,chsakell,aspnet-core-identity,358,https://github.com/chsakell/aspnet-core-identity,https://github.com/topics/aspnet
298,smartstore,Smartstore,333,https://github.com/smartstore/Smartstore,https://github.com/topics/aspnet
299,EEParker,aspnetcore-vueclimiddleware,328,https://github.com/EEParker/aspnetcore-vueclimiddleware,https://github.com/topics/aspnet
300,atom,atom,57.6k,https://github.com/atom/atom,https://github.com/topics/atom
301,themerdev,themer,4.7k,https://github.com/themerdev/themer,https://github.com/topics/atom
302,nteract,hydrogen,3.8k,https://github.com/nteract/hydrogen,https://github.com/topics/atom
303,miniflux,v2,3.7k,https://github.com/miniflux/v2,https://github.com/topics/atom
304,shd101wyy,markdown-preview-enhanced,3.7k,https://github.com/shd101wyy/markdown-preview-enhanced,https://github.com/topics/atom
305,atom,teletype,2.4k,https://github.com/atom/teletype,https://github.com/topics/atom
306,mmcdole,gofeed,1.9k,https://github.com/mmcdole/gofeed,https://github.com/topics/atom
307,mehcode,awesome-atom,1.9k,https://github.com/mehcode/awesome-atom,https://github.com/topics/atom
308,joefitzgerald,go-plus,1.5k,https://github.com/joefitzgerald/go-plus,https://github.com/topics/atom
309,Glavin001,atom-beautify,1.5k,https://github.com/Glavin001/atom-beautify,https://github.com/topics/atom
310,simplepie,simplepie,1.4k,https://github.com/simplepie/simplepie,https://github.com/topics/atom
311,kurtmckee,feedparser,1.4k,https://github.com/kurtmckee/feedparser,https://github.com/topics/atom
312,t9md,atom-vim-mode-plus,1.4k,https://github.com/t9md/atom-vim-mode-plus,https://github.com/topics/atom
313,ocaml,merlin,1.4k,https://github.com/ocaml/merlin,https://github.com/topics/atom
314,MagicStack,MagicPython,1.3k,https://github.com/MagicStack/MagicPython,https://github.com/topics/atom
315,atom,apm,1.3k,https://github.com/atom/apm,https://github.com/topics/atom
316,file-icons,atom,1.2k,https://github.com/file-icons/atom,https://github.com/topics/atom
317,kettanaito,atomic-layout,1.1k,https://github.com/kettanaito/atomic-layout,https://github.com/topics/atom
318,atom,github,1k,https://github.com/atom/github,https://github.com/topics/atom
319,nmdias,FeedKit,987,https://github.com/nmdias/FeedKit,https://github.com/topics/atom
320,nathanbuchar,atom-one-dark-terminal,966,https://github.com/nathanbuchar/atom-one-dark-terminal,https://github.com/topics/atom
321,fwcd,kotlin-language-server,942,https://github.com/fwcd/kotlin-language-server,https://github.com/topics/atom
322,danhper,atomic-chrome,927,https://github.com/danhper/atomic-chrome,https://github.com/topics/atom
323,jesseweed,seti-ui,898,https://github.com/jesseweed/seti-ui,https://github.com/topics/atom
324,jpmonette,feed,792,https://github.com/jpmonette/feed,https://github.com/topics/atom
325,prettier,prettier-atom,778,https://github.com/prettier/prettier-atom,https://github.com/topics/atom
326,raphamorim,lucario,745,https://github.com/raphamorim/lucario,https://github.com/topics/atom
327,atom-community,atom-script,737,https://github.com/atom-community/atom-script,https://github.com/topics/atom
328,feeddd,feeds,734,https://github.com/feeddd/feeds,https://github.com/topics/atom
329,jasonmunro,cypht,723,https://github.com/jasonmunro/cypht,https://github.com/topics/atom
330,sindresorhus,awesome,204k,https://github.com/sindresorhus/awesome,https://github.com/topics/awesome
331,vinta,awesome-python,129k,https://github.com/vinta/awesome-python,https://github.com/topics/awesome
332,awesome-selfhosted,awesome-selfhosted,90.2k,https://github.com/awesome-selfhosted/awesome-selfhosted,https://github.com/topics/awesome
333,avelino,awesome-go,81.7k,https://github.com/avelino/awesome-go,https://github.com/topics/awesome
334,trimstray,the-book-of-secret-knowledge,69.5k,https://github.com/trimstray/the-book-of-secret-knowledge,https://github.com/topics/awesome
335,papers-we-love,papers-we-love,61k,https://github.com/papers-we-love/papers-we-love,https://github.com/topics/awesome
336,521xueweihan,HelloGitHub,56.1k,https://github.com/521xueweihan/HelloGitHub,https://github.com/topics/awesome
337,Hack-with-Github,Awesome-Hacking,51.3k,https://github.com/Hack-with-Github/Awesome-Hacking,https://github.com/topics/awesome
338,jaywcjlove,awesome-mac,49.5k,https://github.com/jaywcjlove/awesome-mac,https://github.com/topics/awesome
339,DopplerHQ,awesome-interview-questions,46.8k,https://github.com/DopplerHQ/awesome-interview-questions,https://github.com/topics/awesome
340,sindresorhus,awesome-nodejs,44.7k,https://github.com/sindresorhus/awesome-nodejs,https://github.com/topics/awesome
341,wasabeef,awesome-android-ui,42.7k,https://github.com/wasabeef/awesome-android-ui,https://github.com/topics/awesome
342,Solido,awesome-flutter,40.8k,https://github.com/Solido/awesome-flutter,https://github.com/topics/awesome
343,MunGell,awesome-for-beginners,40.7k,https://github.com/MunGell/awesome-for-beginners,https://github.com/topics/awesome
344,prakhar1989,awesome-courses,40.3k,https://github.com/prakhar1989/awesome-courses,https://github.com/topics/awesome
345,vsouza,awesome-ios,39.5k,https://github.com/vsouza/awesome-ios,https://github.com/topics/awesome
346,binhnguyennus,awesome-scalability,38.7k,https://github.com/binhnguyennus/awesome-scalability,https://github.com/topics/awesome
347,fffaraz,awesome-cpp,37.7k,https://github.com/fffaraz/awesome-cpp,https://github.com/topics/awesome
348,tiimgreen,github-cheat-sheet,35.2k,https://github.com/tiimgreen/github-cheat-sheet,https://github.com/topics/awesome
349,dypsilon,frontend-dev-bookmarks,33.8k,https://github.com/dypsilon/frontend-dev-bookmarks,https://github.com/topics/awesome
350,akullpp,awesome-java,32.2k,https://github.com/akullpp/awesome-java,https://github.com/topics/awesome
351,serhii-londar,open-source-mac-os-apps,30.5k,https://github.com/serhii-londar/open-source-mac-os-apps,https://github.com/topics/awesome
352,dkhamsing,open-source-ios-apps,30.4k,https://github.com/dkhamsing/open-source-ios-apps,https://github.com/topics/awesome
353,brillout,awesome-react-components,30k,https://github.com/brillout/awesome-react-components,https://github.com/topics/awesome
354,ziadoz,awesome-php,26.6k,https://github.com/ziadoz/awesome-php,https://github.com/topics/awesome
355,rust-unofficial,awesome-rust,26.2k,https://github.com/rust-unofficial/awesome-rust,https://github.com/topics/awesome
356,goabstract,Awesome-Design-Tools,24.4k,https://github.com/goabstract/Awesome-Design-Tools,https://github.com/topics/awesome
357,alebcay,awesome-shell,23.6k,https://github.com/alebcay/awesome-shell,https://github.com/topics/awesome
358,sindresorhus,awesome-electron,22.7k,https://github.com/sindresorhus/awesome-electron,https://github.com/topics/awesome
359,lukasz-madon,awesome-remote-job,22.3k,https://github.com/lukasz-madon/awesome-remote-job,https://github.com/topics/awesome
360,serverless,serverless,42.9k,https://github.com/serverless/serverless,https://github.com/topics/aws
361,localstack,localstack,41.4k,https://github.com/localstack/localstack,https://github.com/topics/aws
362,bregman-arie,devops-exercises,25.2k,https://github.com/bregman-arie/devops-exercises,https://github.com/topics/aws
363,donnemartin,data-science-ipython-notebooks,23.2k,https://github.com/donnemartin/data-science-ipython-notebooks,https://github.com/topics/aws
364,ramitsurana,awesome-kubernetes,12.8k,https://github.com/ramitsurana/awesome-kubernetes,https://github.com/topics/aws
365,pulumi,pulumi,12.6k,https://github.com/pulumi/pulumi,https://github.com/topics/aws
366,aws,aws-cli,12.5k,https://github.com/aws/aws-cli,https://github.com/topics/aws
367,kubernetes-sigs,kubespray,12.3k,https://github.com/kubernetes-sigs/kubespray,https://github.com/topics/aws
368,donnemartin,awesome-aws,10.4k,https://github.com/donnemartin/awesome-aws,https://github.com/topics/aws
369,mozilla,sops,10k,https://github.com/mozilla/sops,https://github.com/topics/aws
370,apereo,cas,9.5k,https://github.com/apereo/cas,https://github.com/topics/aws
371,aws,chalice,8.9k,https://github.com/aws/chalice,https://github.com/topics/aws
372,aws,aws-cdk,8.8k,https://github.com/aws/aws-cdk,https://github.com/topics/aws
373,aws-amplify,amplify-js,8.8k,https://github.com/aws-amplify/amplify-js,https://github.com/topics/aws
374,caprover,caprover,8.7k,https://github.com/caprover/caprover,https://github.com/topics/aws
375,aws,serverless-application-model,8.6k,https://github.com/aws/serverless-application-model,https://github.com/topics/aws
376,apex,up,8.5k,https://github.com/apex/up,https://github.com/topics/aws
377,google,go-cloud,8.4k,https://github.com/google/go-cloud,https://github.com/topics/aws
378,angristan,openvpn-install,8.2k,https://github.com/angristan/openvpn-install,https://github.com/topics/aws
379,aws,aws-sdk-go,7.6k,https://github.com/aws/aws-sdk-go,https://github.com/topics/aws
380,GoogleCloudPlatform,terraformer,7.6k,https://github.com/GoogleCloudPlatform/terraformer,https://github.com/topics/aws
381,hashicorp,terraform-provider-aws,7.3k,https://github.com/hashicorp/terraform-provider-aws,https://github.com/topics/aws
382,boto,boto3,7.3k,https://github.com/boto/boto3,https://github.com/topics/aws
383,aws,aws-sdk-js,7.1k,https://github.com/aws/aws-sdk-js,https://github.com/topics/aws
384,aws,amazon-sagemaker-examples,7k,https://github.com/aws/amazon-sagemaker-examples,https://github.com/topics/aws
385,serverless-stack,serverless-stack,6.8k,https://github.com/serverless-stack/serverless-stack,https://github.com/topics/aws
386,infracost,infracost,6.8k,https://github.com/infracost/infracost,https://github.com/topics/aws
387,awslabs,aws-shell,6.6k,https://github.com/awslabs/aws-shell,https://github.com/topics/aws
388,99designs,aws-vault,6.3k,https://github.com/99designs/aws-vault,https://github.com/topics/aws
389,gruntwork-io,terratest,6.1k,https://github.com/gruntwork-io/terratest,https://github.com/topics/aws
390,bregman-arie,devops-exercises,25.2k,https://github.com/bregman-arie/devops-exercises,https://github.com/topics/azure
391,microsoft,recommenders,13.3k,https://github.com/microsoft/recommenders,https://github.com/topics/azure
392,ramitsurana,awesome-kubernetes,12.8k,https://github.com/ramitsurana/awesome-kubernetes,https://github.com/topics/azure
393,pulumi,pulumi,12.6k,https://github.com/pulumi/pulumi,https://github.com/topics/azure
394,Azure,azure-quickstart-templates,11.8k,https://github.com/Azure/azure-quickstart-templates,https://github.com/topics/azure
395,mozilla,sops,10k,https://github.com/mozilla/sops,https://github.com/topics/azure
396,caprover,caprover,8.7k,https://github.com/caprover/caprover,https://github.com/topics/azure
397,microsoft,computervision-recipes,8.5k,https://github.com/microsoft/computervision-recipes,https://github.com/topics/azure
398,google,go-cloud,8.4k,https://github.com/google/go-cloud,https://github.com/topics/azure
399,microsoft,azuredatastudio,6.8k,https://github.com/microsoft/azuredatastudio,https://github.com/topics/azure
400,infracost,infracost,6.8k,https://github.com/infracost/infracost,https://github.com/topics/azure
401,node-formidable,formidable,6.2k,https://github.com/node-formidable/formidable,https://github.com/topics/azure
402,midwayjs,midway,5.7k,https://github.com/midwayjs/midway,https://github.com/topics/azure
403,thangchung,clean-code-dotnet,5k,https://github.com/thangchung/clean-code-dotnet,https://github.com/topics/azure
404,aquasecurity,tfsec,4.6k,https://github.com/aquasecurity/tfsec,https://github.com/topics/azure
405,budtmo,docker-android,4.6k,https://github.com/budtmo/docker-android,https://github.com/topics/azure
406,bridgecrewio,checkov,4.3k,https://github.com/bridgecrewio/checkov,https://github.com/topics/azure
407,cloud-custodian,cloud-custodian,4.2k,https://github.com/cloud-custodian/cloud-custodian,https://github.com/topics/azure
408,nccgroup,ScoutSuite,4.3k,https://github.com/nccgroup/ScoutSuite,https://github.com/topics/azure
409,Azure,autorest,3.8k,https://github.com/Azure/autorest,https://github.com/topics/azure
410,Azure,azure-sdk-for-net,3.7k,https://github.com/Azure/azure-sdk-for-net,https://github.com/topics/azure
411,simov,grant,3.6k,https://github.com/simov/grant,https://github.com/topics/azure
412,hashicorp,terraform-provider-azurerm,3.4k,https://github.com/hashicorp/terraform-provider-azurerm,https://github.com/topics/azure
413,microsoft,SynapseML,3.3k,https://github.com/microsoft/SynapseML,https://github.com/topics/azure
414,Azure,MachineLearningNotebooks,3.3k,https://github.com/Azure/MachineLearningNotebooks,https://github.com/topics/azure
415,Azure,azure-powershell,3.1k,https://github.com/Azure/azure-powershell,https://github.com/topics/azure
416,Azure,azure-cli,3.1k,https://github.com/Azure/azure-cli,https://github.com/topics/azure
417,sottlmarek,DevSecOps,3k,https://github.com/sottlmarek/DevSecOps,https://github.com/topics/azure
418,Azure,azure-sdk-for-python,2.8k,https://github.com/Azure/azure-sdk-for-python,https://github.com/topics/azure
419,APIs-guru,openapi-directory,2.8k,https://github.com/APIs-guru/openapi-directory,https://github.com/topics/azure
420,babel,babel,40.9k,https://github.com/babel/babel,https://github.com/topics/babel
421,nylas,nylas-mail,24.7k,https://github.com/nylas/nylas-mail,https://github.com/topics/babel
422,swc-project,swc,22.4k,https://github.com/swc-project/swc,https://github.com/topics/babel
423,kriasoft,react-starter-kit,21.2k,https://github.com/kriasoft/react-starter-kit,https://github.com/topics/babel
424,avajs,ava,19.8k,https://github.com/avajs/ava,https://github.com/topics/babel
425,electron-react-boilerplate,electron-react-boilerplate,19.7k,https://github.com/electron-react-boilerplate/electron-react-boilerplate,https://github.com/topics/babel
426,SimulatedGREG,electron-vue,14.9k,https://github.com/SimulatedGREG/electron-vue,https://github.com/topics/babel
427,grab,front-end-guide,14.4k,https://github.com/grab/front-end-guide,https://github.com/topics/babel
428,jamiebuilds,babel-handbook,11k,https://github.com/jamiebuilds/babel-handbook,https://github.com/topics/babel
429,grommet,grommet,7.9k,https://github.com/grommet/grommet,https://github.com/topics/babel
430,developit,htm,7.6k,https://github.com/developit/htm,https://github.com/topics/babel
431,angular-fullstack,generator-angular-fullstack,6.1k,https://github.com/angular-fullstack/generator-angular-fullstack,https://github.com/topics/babel
432,ben-rogerson,twin.macro,5.8k,https://github.com/ben-rogerson/twin.macro,https://github.com/topics/babel
433,documentationjs,documentation,5.5k,https://github.com/documentationjs/documentation,https://github.com/topics/babel
434,insin,nwb,5.5k,https://github.com/insin/nwb,https://github.com/topics/babel
435,egoist,poi,5.3k,https://github.com/egoist/poi,https://github.com/topics/babel
436,thinkjs,thinkjs,5.3k,https://github.com/thinkjs/thinkjs,https://github.com/topics/babel
437,transitive-bullshit,create-react-library,4.7k,https://github.com/transitive-bullshit/create-react-library,https://github.com/topics/babel
438,fkling,astexplorer,4.7k,https://github.com/fkling/astexplorer,https://github.com/topics/babel
439,babel,babel-loader,4.6k,https://github.com/babel/babel-loader,https://github.com/topics/babel
440,duxianwei520,react,4.5k,https://github.com/duxianwei520/react,https://github.com/topics/babel
441,jaredpalmer,backpack,4.5k,https://github.com/jaredpalmer/backpack,https://github.com/topics/babel
442,babel,minify,4.3k,https://github.com/babel/minify,https://github.com/topics/babel
443,thx,gogocode,3.3k,https://github.com/thx/gogocode,https://github.com/topics/babel
444,tleunen,babel-plugin-module-resolver,3.2k,https://github.com/tleunen/babel-plugin-module-resolver,https://github.com/topics/babel
445,andywer,webpack-blocks,3k,https://github.com/andywer/webpack-blocks,https://github.com/topics/babel
446,babel,babel-eslint,3k,https://github.com/babel/babel-eslint,https://github.com/topics/babel
447,privatenumber,esbuild-loader,2.9k,https://github.com/privatenumber/esbuild-loader,https://github.com/topics/babel
448,kunalkapadia,express-mongoose-es6-rest-api,2.8k,https://github.com/kunalkapadia/express-mongoose-es6-rest-api,https://github.com/topics/babel
449,Atyantik,react-pwa,2.5k,https://github.com/Atyantik/react-pwa,https://github.com/topics/babel
450,jlevy,the-art-of-command-line,107k,https://github.com/jlevy/the-art-of-command-line,https://github.com/topics/bash
451,nvm-sh,nvm,58.3k,https://github.com/nvm-sh/nvm,https://github.com/topics/bash
452,junegunn,fzf,44.8k,https://github.com/junegunn/fzf,https://github.com/topics/bash
453,google,zx,31.5k,https://github.com/google/zx,https://github.com/topics/bash
454,dylanaraps,pure-bash-bible,31.1k,https://github.com/dylanaraps/pure-bash-bible,https://github.com/topics/bash
455,koalaman,shellcheck,28.9k,https://github.com/koalaman/shellcheck,https://github.com/topics/bash
456,LeCoupa,awesome-cheatsheets,28.9k,https://github.com/LeCoupa/awesome-cheatsheets,https://github.com/topics/bash
457,mathiasbynens,dotfiles,27.9k,https://github.com/mathiasbynens/dotfiles,https://github.com/topics/bash
458,acmesh-official,acme.sh,26.9k,https://github.com/acmesh-official/acme.sh,https://github.com/topics/bash
459,starship,starship,26.7k,https://github.com/starship/starship,https://github.com/topics/bash
460,alebcay,awesome-shell,23.6k,https://github.com/alebcay/awesome-shell,https://github.com/topics/bash
461,jaywcjlove,linux-command,18.8k,https://github.com/jaywcjlove/linux-command,https://github.com/topics/bash
462,withfig,autocomplete,18.2k,https://github.com/withfig/autocomplete,https://github.com/topics/bash
463,dylanaraps,neofetch,15.3k,https://github.com/dylanaraps/neofetch,https://github.com/topics/bash
464,Nyr,openvpn-install,15.1k,https://github.com/Nyr/openvpn-install,https://github.com/topics/bash
465,rbenv,rbenv,14.2k,https://github.com/rbenv/rbenv,https://github.com/topics/bash
466,powerline,powerline,13.3k,https://github.com/powerline/powerline,https://github.com/topics/bash
467,shelljs,shelljs,13.2k,https://github.com/shelljs/shelljs,https://github.com/topics/bash
468,Bash-it,bash-it,13k,https://github.com/Bash-it/bash-it,https://github.com/topics/bash
469,faressoft,terminalizer,12.7k,https://github.com/faressoft/terminalizer,https://github.com/topics/bash
470,jessfraz,dockerfiles,12.6k,https://github.com/jessfraz/dockerfiles,https://github.com/topics/bash
471,denisidoro,navi,11.2k,https://github.com/denisidoro/navi,https://github.com/topics/bash
472,direnv,direnv,9.1k,https://github.com/direnv/direnv,https://github.com/topics/bash
473,carlospolop,PEASS-ng,8.9k,https://github.com/carlospolop/PEASS-ng,https://github.com/topics/bash
474,skywind3000,awesome-cheatsheets,8.9k,https://github.com/skywind3000/awesome-cheatsheets,https://github.com/topics/bash
475,rgcr,m-cli,8.9k,https://github.com/rgcr/m-cli,https://github.com/topics/bash
476,alexanderepstein,Bash-Snippets,8.7k,https://github.com/alexanderepstein/Bash-Snippets,https://github.com/topics/bash
477,kanaka,mal,8.7k,https://github.com/kanaka/mal,https://github.com/topics/bash
478,angristan,openvpn-install,8.2k,https://github.com/angristan/openvpn-install,https://github.com/topics/bash
479,extrawurst,gitui,8.1k,https://github.com/extrawurst/gitui,https://github.com/topics/bash
480,bitcoin,bitcoin,64.5k,https://github.com/bitcoin/bitcoin,https://github.com/topics/bitcoin
481,ccxt,ccxt,24.7k,https://github.com/ccxt/ccxt,https://github.com/topics/bitcoin
482,freqtrade,freqtrade,17.6k,https://github.com/freqtrade/freqtrade,https://github.com/topics/bitcoin
483,HelloZeroNet,ZeroNet,17.5k,https://github.com/HelloZeroNet/ZeroNet,https://github.com/topics/bitcoin
484,askmike,gekko,9.9k,https://github.com/askmike/gekko,https://github.com/topics/bitcoin
485,bbfamily,abu,9k,https://github.com/bbfamily/abu,https://github.com/topics/bitcoin
486,solana-labs,solana,8.8k,https://github.com/solana-labs/solana,https://github.com/topics/bitcoin
487,lbryio,lbry-sdk,7.1k,https://github.com/lbryio/lbry-sdk,https://github.com/topics/bitcoin
488,dvf,blockchain,6.9k,https://github.com/dvf/blockchain,https://github.com/topics/bitcoin
489,lightningnetwork,lnd,6.1k,https://github.com/lightningnetwork/lnd,https://github.com/topics/bitcoin
490,spesmilo,electrum,5.7k,https://github.com/spesmilo/electrum,https://github.com/topics/bitcoin
491,butor,blackbird,5.6k,https://github.com/butor/blackbird,https://github.com/topics/bitcoin
492,btcsuite,btcd,4.8k,https://github.com/btcsuite/btcd,https://github.com/topics/bitcoin
493,bitcoinjs,bitcoinjs-lib,4.6k,https://github.com/bitcoinjs/bitcoinjs-lib,https://github.com/topics/bitcoin
494,bitcoinj,bitcoinj,4.3k,https://github.com/bitcoinj/bitcoinj,https://github.com/topics/bitcoin
495,bisq-network,bisq,4k,https://github.com/bisq-network/bisq,https://github.com/topics/bitcoin
496,jesse-ai,jesse,3.9k,https://github.com/jesse-ai/jesse,https://github.com/topics/bitcoin
497,coinpride,CryptoList,3.7k,https://github.com/coinpride/CryptoList,https://github.com/topics/bitcoin
498,michaelgrosner,tribeca,3.7k,https://github.com/michaelgrosner/tribeca,https://github.com/topics/bitcoin
499,RomelTorres,alpha_vantage,3.7k,https://github.com/RomelTorres/alpha_vantage,https://github.com/topics/bitcoin
500,btcpayserver,btcpayserver,3.6k,https://github.com/btcpayserver/btcpayserver,https://github.com/topics/bitcoin
501,Zheaoli,awesome-coins,3.6k,https://github.com/Zheaoli/awesome-coins,https://github.com/topics/bitcoin
502,bitpay,wallet,3.5k,https://github.com/bitpay/wallet,https://github.com/topics/bitcoin
503,Jeiwan,blockchain_go,3.4k,https://github.com/Jeiwan/blockchain_go,https://github.com/topics/bitcoin
504,SqueezerIO,squeezer,3.3k,https://github.com/SqueezerIO/squeezer,https://github.com/topics/bitcoin
505,cointop-sh,cointop,3.2k,https://github.com/cointop-sh/cointop,https://github.com/topics/bitcoin
506,bitcoin-wallet,bitcoin-wallet,2.9k,https://github.com/bitcoin-wallet/bitcoin-wallet,https://github.com/topics/bitcoin
507,ctubio,Krypto-trading-bot,2.8k,https://github.com/ctubio/Krypto-trading-bot,https://github.com/topics/bitcoin
508,lbryio,lbrycrd,2.7k,https://github.com/lbryio/lbrycrd,https://github.com/topics/bitcoin
509,bcoin-org,bcoin,2.7k,https://github.com/bcoin-org/bcoin,https://github.com/topics/bitcoin
510,twbs,bootstrap,158k,https://github.com/twbs/bootstrap,https://github.com/topics/bootstrap
511,ColorlibHQ,AdminLTE,41k,https://github.com/ColorlibHQ/AdminLTE,https://github.com/topics/bootstrap
512,tabler,tabler,26k,https://github.com/tabler/tabler,https://github.com/topics/bootstrap
513,mdbootstrap,mdb-ui-kit,22.3k,https://github.com/mdbootstrap/mdb-ui-kit,https://github.com/topics/bootstrap
514,react-bootstrap,react-bootstrap,20.8k,https://github.com/react-bootstrap/react-bootstrap,https://github.com/topics/bootstrap
515,ColorlibHQ,gentelella,20.5k,https://github.com/ColorlibHQ/gentelella,https://github.com/topics/bootstrap
516,verekia,js-stack-from-scratch,19.1k,https://github.com/verekia/js-stack-from-scratch,https://github.com/topics/bootstrap
517,bootstrap-vue,bootstrap-vue,13.9k,https://github.com/bootstrap-vue/bootstrap-vue,https://github.com/topics/bootstrap
518,thomaspark,bootswatch,13.6k,https://github.com/thomaspark/bootswatch,https://github.com/topics/bootstrap
519,uxsolutions,bootstrap-datepicker,12.5k,https://github.com/uxsolutions/bootstrap-datepicker,https://github.com/topics/bootstrap
520,wenzhixin,bootstrap-table,11.3k,https://github.com/wenzhixin/bootstrap-table,https://github.com/topics/bootstrap
521,coreui,coreui-free-bootstrap-admin-template,11.2k,https://github.com/coreui/coreui-free-bootstrap-admin-template,https://github.com/topics/bootstrap
522,reactstrap,reactstrap,10.3k,https://github.com/reactstrap/reactstrap,https://github.com/topics/bootstrap
523,Templarian,MaterialDesign,10.1k,https://github.com/Templarian/MaterialDesign,https://github.com/topics/bootstrap
524,snapappointments,bootstrap-select,9.6k,https://github.com/snapappointments/bootstrap-select,https://github.com/topics/bootstrap
525,mdbootstrap,material-design-for-bootstrap,9.5k,https://github.com/mdbootstrap/material-design-for-bootstrap,https://github.com/topics/bootstrap
526,StartBootstrap,startbootstrap-sb-admin-2,9.2k,https://github.com/StartBootstrap/startbootstrap-sb-admin-2,https://github.com/topics/bootstrap
527,ng-bootstrap,ng-bootstrap,7.9k,https://github.com/ng-bootstrap/ng-bootstrap,https://github.com/topics/bootstrap
528,BlackrockDigital,startbootstrap,7.2k,https://github.com/BlackrockDigital/startbootstrap,https://github.com/topics/bootstrap
529,olton,Metro-UI-CSS,6.9k,https://github.com/olton/Metro-UI-CSS,https://github.com/topics/bootstrap
530,twbs,icons,6.1k,https://github.com/twbs/icons,https://github.com/topics/bootstrap
531,creativetimofficial,material-kit,5.7k,https://github.com/creativetimofficial/material-kit,https://github.com/topics/bootstrap
532,febsteam,FEBS-Shiro,5.7k,https://github.com/febsteam/FEBS-Shiro,https://github.com/topics/bootstrap
533,valor-software,ngx-bootstrap,5.4k,https://github.com/valor-software/ngx-bootstrap,https://github.com/topics/bootstrap
534,kartik-v,bootstrap-fileinput,5.2k,https://github.com/kartik-v/bootstrap-fileinput,https://github.com/topics/bootstrap
535,Bttstrp,bootstrap-switch,5.1k,https://github.com/Bttstrp/bootstrap-switch,https://github.com/topics/bootstrap
536,jschr,bootstrap-modal,5k,https://github.com/jschr/bootstrap-modal,https://github.com/topics/bootstrap
537,givanz,VvvebJs,4.9k,https://github.com/givanz/VvvebJs,https://github.com/topics/bootstrap
538,cloudfavorites,favorites-web,4.5k,https://github.com/cloudfavorites/favorites-web,https://github.com/topics/bootstrap
539,seyhunak,twitter-bootstrap-rails,4.5k,https://github.com/seyhunak/twitter-bootstrap-rails,https://github.com/topics/bootstrap
540,ccxt,ccxt,24.7k,https://github.com/ccxt/ccxt,https://github.com/topics/bot
541,discordjs,discord.js,19.5k,https://github.com/discordjs/discord.js,https://github.com/topics/bot
542,python-telegram-bot,python-telegram-bot,18.7k,https://github.com/python-telegram-bot/python-telegram-bot,https://github.com/topics/bot
543,hubotio,hubot,16.2k,https://github.com/hubotio/hubot,https://github.com/topics/bot
544,InstaPy,InstaPy,14.3k,https://github.com/InstaPy/InstaPy,https://github.com/topics/bot
545,RasaHQ,rasa,14.1k,https://github.com/RasaHQ/rasa,https://github.com/topics/bot
546,wechaty,wechaty,12.8k,https://github.com/wechaty/wechaty,https://github.com/topics/bot
547,gunthercox,ChatterBot,12.3k,https://github.com/gunthercox/ChatterBot,https://github.com/topics/bot
548,tgbot-collection,YYeTsBot,11.4k,https://github.com/tgbot-collection/YYeTsBot,https://github.com/topics/bot
549,Rapptz,discord.py,10.7k,https://github.com/Rapptz/discord.py,https://github.com/topics/bot
550,botpress,botpress,9.7k,https://github.com/botpress/botpress,https://github.com/topics/bot
551,sfyc23,EverydayWechat,9k,https://github.com/sfyc23/EverydayWechat,https://github.com/topics/bot
552,leon-ai,leon,8.8k,https://github.com/leon-ai/leon,https://github.com/topics/bot
553,microsoft,ailab,7k,https://github.com/microsoft/ailab,https://github.com/topics/bot
554,EZFNDEV,EZFN-Lobbybot,6.9k,https://github.com/EZFNDEV/EZFN-Lobbybot,https://github.com/topics/bot
555,microsoft,botframework-sdk,6.8k,https://github.com/microsoft/botframework-sdk,https://github.com/topics/bot
556,pedroslopez,whatsapp-web.js,6.5k,https://github.com/pedroslopez/whatsapp-web.js,https://github.com/topics/bot
557,yagop,node-telegram-bot-api,6.2k,https://github.com/yagop/node-telegram-bot-api,https://github.com/topics/bot
558,maxbbraun,trump2cash,6.1k,https://github.com/maxbbraun/trump2cash,https://github.com/topics/bot
559,deepmipt,DeepPavlov,5.8k,https://github.com/deepmipt/DeepPavlov,https://github.com/topics/bot
560,telegraf,telegraf,5.7k,https://github.com/telegraf/telegraf,https://github.com/topics/bot
561,botman,botman,5.6k,https://github.com/botman/botman,https://github.com/topics/bot
562,Mrs4s,go-cqhttp,5k,https://github.com/Mrs4s/go-cqhttp,https://github.com/topics/bot
563,axa-group,nlp.js,4.9k,https://github.com/axa-group/nlp.js,https://github.com/topics/bot
564,jef,streetmerchant,4.8k,https://github.com/jef/streetmerchant,https://github.com/topics/bot
565,ohld,igbot,4.2k,https://github.com/ohld/igbot,https://github.com/topics/bot
566,BotsAppOfficial,BotsApp,4.2k,https://github.com/BotsAppOfficial/BotsApp,https://github.com/topics/bot
567,jesse-ai,jesse,3.9k,https://github.com/jesse-ai/jesse,https://github.com/topics/bot
568,orkestral,venom,3.9k,https://github.com/orkestral/venom,https://github.com/topics/bot
569,chrisleekr,binance-trading-bot,3.9k,https://github.com/chrisleekr/binance-trading-bot,https://github.com/topics/bot
570,Genymobile,scrcpy,66k,https://github.com/Genymobile/scrcpy,https://github.com/topics/c
571,neovim,neovim,54.2k,https://github.com/neovim/neovim,https://github.com/topics/c
572,git,git,42.3k,https://github.com/git/git,https://github.com/topics/c
573,obsproject,obs-studio,38.7k,https://github.com/obsproject/obs-studio,https://github.com/topics/c
574,fffaraz,awesome-cpp,37.7k,https://github.com/fffaraz/awesome-cpp,https://github.com/topics/c
575,serhii-londar,open-source-mac-os-apps,30.5k,https://github.com/serhii-londar/open-source-mac-os-apps,https://github.com/topics/c
576,FFmpeg,FFmpeg,29.9k,https://github.com/FFmpeg/FFmpeg,https://github.com/topics/c
577,vim,vim,27.2k,https://github.com/vim/vim,https://github.com/topics/c
578,curl,curl,25.3k,https://github.com/curl/curl,https://github.com/topics/c
579,huihut,interview,24.4k,https://github.com/huihut/interview,https://github.com/topics/c
580,ggreer,the_silver_searcher,23.7k,https://github.com/ggreer/the_silver_searcher,https://github.com/topics/c
581,ruby,ruby,19.2k,https://github.com/ruby/ruby,https://github.com/topics/c
582,mpv-player,mpv,18.8k,https://github.com/mpv-player/mpv,https://github.com/topics/c
583,pbatard,rufus,18.5k,https://github.com/pbatard/rufus,https://github.com/topics/c
584,ossrs,srs,18.3k,https://github.com/ossrs/srs,https://github.com/topics/c
585,google,flatbuffers,18k,https://github.com/google/flatbuffers,https://github.com/topics/c
586,oracle,graal,17.1k,https://github.com/oracle/graal,https://github.com/topics/c
587,radareorg,radare2,16.3k,https://github.com/radareorg/radare2,https://github.com/topics/c
588,microsoft,vcpkg,15.9k,https://github.com/microsoft/vcpkg,https://github.com/topics/c
589,shadowsocks,shadowsocks-libev,14.9k,https://github.com/shadowsocks/shadowsocks-libev,https://github.com/topics/c
590,kovidgoyal,kitty,14.9k,https://github.com/kovidgoyal/kitty,https://github.com/topics/c
591,allinurl,goaccess,14.8k,https://github.com/allinurl/goaccess,https://github.com/topics/c
592,hashcat,hashcat,14.6k,https://github.com/hashcat/hashcat,https://github.com/topics/c
593,jarun,nnn,14.3k,https://github.com/jarun/nnn,https://github.com/topics/c
594,TheAlgorithms,C,13.7k,https://github.com/TheAlgorithms/C,https://github.com/topics/c
595,vurtun,nuklear,13.4k,https://github.com/vurtun/nuklear,https://github.com/topics/c
596,facebook,infer,13.3k,https://github.com/facebook/infer,https://github.com/topics/c
597,CoatiSoftware,Sourcetrail,12.7k,https://github.com/CoatiSoftware/Sourcetrail,https://github.com/topics/c
598,qmk,qmk_firmware,12.5k,https://github.com/qmk/qmk_firmware,https://github.com/topics/c
599,s-matyukevich,raspberry-pi-os,11.5k,https://github.com/s-matyukevich/raspberry-pi-os,https://github.com/topics/c
600,electron,electron,102k,https://github.com/electron/electron,https://github.com/topics/chrome
601,microsoft,playwright,38.8k,https://github.com/microsoft/playwright,https://github.com/topics/chrome
602,FiloSottile,mkcert,35.4k,https://github.com/FiloSottile/mkcert,https://github.com/topics/chrome
603,iamadamdev,bypass-paywalls-chrome,26.4k,https://github.com/iamadamdev/bypass-paywalls-chrome,https://github.com/topics/chrome
604,ovity,octotree,22k,https://github.com/ovity/octotree,https://github.com/topics/chrome
605,segmentio,nightmare,19.2k,https://github.com/segmentio/nightmare,https://github.com/topics/chrome
606,jaywcjlove,linux-command,18.8k,https://github.com/jaywcjlove/linux-command,https://github.com/topics/chrome
607,checkly,headless-recorder,14.2k,https://github.com/checkly/headless-recorder,https://github.com/topics/chrome
608,prisma-archive,chromeless,13.2k,https://github.com/prisma-archive/chromeless,https://github.com/topics/chrome
609,google,WebFundamentals,13.2k,https://github.com/google/WebFundamentals,https://github.com/topics/chrome
610,casesandberg,react-color,10.7k,https://github.com/casesandberg/react-color,https://github.com/topics/chrome
611,GoogleChrome,chrome-extensions-samples,10.1k,https://github.com/GoogleChrome/chrome-extensions-samples,https://github.com/topics/chrome
612,crimx,ext-saladict,9.2k,https://github.com/crimx/ext-saladict,https://github.com/topics/chrome
613,gildas-lormeau,SingleFile,8.6k,https://github.com/gildas-lormeau/SingleFile,https://github.com/topics/chrome
614,MetaMask,metamask-extension,8.1k,https://github.com/MetaMask/metamask-extension,https://github.com/topics/chrome
615,uBlock-LLC,uBlock,8.1k,https://github.com/uBlock-LLC/uBlock,https://github.com/topics/chrome
616,chromedp,chromedp,7.7k,https://github.com/chromedp/chromedp,https://github.com/topics/chrome
617,alvarcarto,url-to-pdf-api,6.6k,https://github.com/alvarcarto/url-to-pdf-api,https://github.com/topics/chrome
618,kangvcar,InfoSpider,6.2k,https://github.com/kangvcar/InfoSpider,https://github.com/topics/chrome
619,Kenshin,simpread,6k,https://github.com/Kenshin/simpread,https://github.com/topics/chrome
620,yujiosaka,headless-chrome-crawler,5.2k,https://github.com/yujiosaka/headless-chrome-crawler,https://github.com/topics/chrome
621,MontFerret,ferret,5k,https://github.com/MontFerret/ferret,https://github.com/topics/chrome
622,ajayyy,SponsorBlock,4.9k,https://github.com/ajayyy/SponsorBlock,https://github.com/topics/chrome
623,themerdev,themer,4.7k,https://github.com/themerdev/themer,https://github.com/topics/chrome
624,moonD4rk,HackBrowserData,4.7k,https://github.com/moonD4rk/HackBrowserData,https://github.com/topics/chrome
625,alyssaxuu,omni,4.6k,https://github.com/alyssaxuu/omni,https://github.com/topics/chrome
626,firefox-devtools,debugger,4.6k,https://github.com/firefox-devtools/debugger,https://github.com/topics/chrome
627,browserless,chrome,4.6k,https://github.com/browserless/chrome,https://github.com/topics/chrome
628,burtonator,polar-bookshelf,4.5k,https://github.com/burtonator/polar-bookshelf,https://github.com/topics/chrome
629,nieweidong,fetool,4.4k,https://github.com/nieweidong/fetool,https://github.com/topics/chrome
630,iamadamdev,bypass-paywalls-chrome,26.4k,https://github.com/iamadamdev/bypass-paywalls-chrome,https://github.com/topics/chrome-extension
631,jaywcjlove,linux-command,18.8k,https://github.com/jaywcjlove/linux-command,https://github.com/topics/chrome-extension
632,refined-github,refined-github,18k,https://github.com/refined-github/refined-github,https://github.com/topics/chrome-extension
633,checkly,headless-recorder,14.2k,https://github.com/checkly/headless-recorder,https://github.com/topics/chrome-extension
634,darkreader,darkreader,14.1k,https://github.com/darkreader/darkreader,https://github.com/topics/chrome-extension
635,unbug,codelf,12.9k,https://github.com/unbug/codelf,https://github.com/topics/chrome-extension
636,Anarios,return-youtube-dislike,9.5k,https://github.com/Anarios/return-youtube-dislike,https://github.com/topics/chrome-extension
637,crimx,ext-saladict,9.2k,https://github.com/crimx/ext-saladict,https://github.com/topics/chrome-extension
638,gildas-lormeau,SingleFile,8.6k,https://github.com/gildas-lormeau/SingleFile,https://github.com/topics/chrome-extension
639,listen1,listen1_chrome_extension,8.5k,https://github.com/listen1/listen1_chrome_extension,https://github.com/topics/chrome-extension
640,appbaseio,dejavu,7.8k,https://github.com/appbaseio/dejavu,https://github.com/topics/chrome-extension
641,alyssaxuu,screenity,7.2k,https://github.com/alyssaxuu/screenity,https://github.com/topics/chrome-extension
642,dailydotdev,daily,7.2k,https://github.com/dailydotdev/daily,https://github.com/topics/chrome-extension
643,Kenshin,simpread,6k,https://github.com/Kenshin/simpread,https://github.com/topics/chrome-extension
644,ajayyy,SponsorBlock,4.9k,https://github.com/ajayyy/SponsorBlock,https://github.com/topics/chrome-extension
645,manojVivek,medium-unlimited,4.8k,https://github.com/manojVivek/medium-unlimited,https://github.com/topics/chrome-extension
646,dessant,buster,4.8k,https://github.com/dessant/buster,https://github.com/topics/chrome-extension
647,AutomaApp,automa,4.7k,https://github.com/AutomaApp/automa,https://github.com/topics/chrome-extension
648,alyssaxuu,omni,4.6k,https://github.com/alyssaxuu/omni,https://github.com/topics/chrome-extension
649,altair-graphql,altair,4.2k,https://github.com/altair-graphql/altair,https://github.com/topics/chrome-extension
650,webclipper,web-clipper,4.2k,https://github.com/webclipper/web-clipper,https://github.com/topics/chrome-extension
651,zxlie,FeHelper,4.1k,https://github.com/zxlie/FeHelper,https://github.com/topics/chrome-extension
652,openstyles,stylus,3.9k,https://github.com/openstyles/stylus,https://github.com/topics/chrome-extension
653,bilibili-helper,bilibili-helper-o,3.8k,https://github.com/bilibili-helper/bilibili-helper-o,https://github.com/topics/chrome-extension
654,dejan,rails_panel,3.7k,https://github.com/dejan/rails_panel,https://github.com/topics/chrome-extension
655,hcfyapp,crx-selection-translate,3.7k,https://github.com/hcfyapp/crx-selection-translate,https://github.com/topics/chrome-extension
656,KartikTalwar,gmail.js,3.5k,https://github.com/KartikTalwar/gmail.js,https://github.com/topics/chrome-extension
657,honestbleeps,Reddit-Enhancement-Suite,3.5k,https://github.com/honestbleeps/Reddit-Enhancement-Suite,https://github.com/topics/chrome-extension
658,WorldBrain,Memex,3.5k,https://github.com/WorldBrain/Memex,https://github.com/topics/chrome-extension
659,vinta,pangu.js,3.5k,https://github.com/vinta/pangu.js,https://github.com/topics/chrome-extension
660,ohmyzsh,ohmyzsh,146k,https://github.com/ohmyzsh/ohmyzsh,https://github.com/topics/cli
661,junegunn,fzf,44.8k,https://github.com/junegunn/fzf,https://github.com/topics/cli
662,sharkdp,bat,35k,https://github.com/sharkdp/bat,https://github.com/topics/cli
663,wagoodman,dive,32.2k,https://github.com/wagoodman/dive,https://github.com/topics/cli
664,sherlock-project,sherlock,32.1k,https://github.com/sherlock-project/sherlock,https://github.com/topics/cli
665,google,zx,31.5k,https://github.com/google/zx,https://github.com/topics/cli
666,BurntSushi,ripgrep,31.3k,https://github.com/BurntSushi/ripgrep,https://github.com/topics/cli
667,chubin,cheat.sh,29.3k,https://github.com/chubin/cheat.sh,https://github.com/topics/cli
668,cli,cli,28.8k,https://github.com/cli/cli,https://github.com/topics/cli
669,jesseduffield,lazygit,27.8k,https://github.com/jesseduffield/lazygit,https://github.com/topics/cli
670,spf13,cobra,26.9k,https://github.com/spf13/cobra,https://github.com/topics/cli
671,angular,angular-cli,25.4k,https://github.com/angular/angular-cli,https://github.com/topics/cli
672,alebcay,awesome-shell,23.6k,https://github.com/alebcay/awesome-shell,https://github.com/topics/cli
673,sharkdp,fd,23.2k,https://github.com/sharkdp/fd,https://github.com/topics/cli
674,n8n-io,n8n,22.8k,https://github.com/n8n-io/n8n,https://github.com/topics/cli
675,ibraheemdev,modern-unix,22.7k,https://github.com/ibraheemdev/modern-unix,https://github.com/topics/cli
676,google,python-fire,22.5k,https://github.com/google/python-fire,https://github.com/topics/cli
677,httpie,httpie,21.8k,https://github.com/httpie/httpie,https://github.com/topics/cli
678,vercel,pkg,21.3k,https://github.com/vercel/pkg,https://github.com/topics/cli
679,avajs,ava,19.8k,https://github.com/avajs/ava,https://github.com/topics/cli
680,chalk,chalk,18.6k,https://github.com/chalk/chalk,https://github.com/topics/cli
681,vadimdemedes,ink,18.5k,https://github.com/vadimdemedes/ink,https://github.com/topics/cli
682,urfave,cli,18.4k,https://github.com/urfave/cli,https://github.com/topics/cli
683,withfig,autocomplete,18.2k,https://github.com/withfig/autocomplete,https://github.com/topics/cli
684,svg,svgo,17.8k,https://github.com/svg/svgo,https://github.com/topics/cli
685,gpakosz,.tmux,16.7k,https://github.com/gpakosz/.tmux,https://github.com/topics/cli
686,allinurl,goaccess,14.8k,https://github.com/allinurl/goaccess,https://github.com/topics/cli
687,asdf-vm,asdf,14.7k,https://github.com/asdf-vm/asdf,https://github.com/topics/cli
688,antonmedv,fx,14.5k,https://github.com/antonmedv/fx,https://github.com/topics/cli
689,jarun,nnn,14.3k,https://github.com/jarun/nnn,https://github.com/topics/cli
690,metabase,metabase,28.6k,https://github.com/metabase/metabase,https://github.com/topics/clojure
691,logseq,logseq,14.3k,https://github.com/logseq/logseq,https://github.com/topics/clojure
692,eclipse,deeplearning4j,12.5k,https://github.com/eclipse/deeplearning4j,https://github.com/topics/clojure
693,LightTable,LightTable,11.7k,https://github.com/LightTable/LightTable,https://github.com/topics/clojure
694,penpot,penpot,10.4k,https://github.com/penpot/penpot,https://github.com/topics/clojure
695,kanaka,mal,8.7k,https://github.com/kanaka/mal,https://github.com/topics/clojure
696,lk-geimfari,awesomo,8.4k,https://github.com/lk-geimfari/awesomo,https://github.com/topics/clojure
697,tonsky,datascript,4.8k,https://github.com/tonsky/datascript,https://github.com/topics/clojure
698,reagent-project,reagent,4.5k,https://github.com/reagent-project/reagent,https://github.com/topics/clojure
699,riemann,riemann,4.1k,https://github.com/riemann/riemann,https://github.com/topics/clojure
700,weavejester,compojure,3.9k,https://github.com/weavejester/compojure,https://github.com/topics/clojure
701,bbatsov,clojure-style-guide,3.8k,https://github.com/bbatsov/clojure-style-guide,https://github.com/topics/clojure
702,izhangzhihao,intellij-rainbow-brackets,3.7k,https://github.com/izhangzhihao/intellij-rainbow-brackets,https://github.com/topics/clojure
703,status-im,status-react,3.4k,https://github.com/status-im/status-react,https://github.com/topics/clojure
704,ring-clojure,ring,3.4k,https://github.com/ring-clojure/ring,https://github.com/topics/clojure
705,clojure-emacs,cider,3.3k,https://github.com/clojure-emacs/cider,https://github.com/topics/clojure
706,viebel,klipse,2.9k,https://github.com/viebel/klipse,https://github.com/topics/clojure
707,bhauman,lein-figwheel,2.9k,https://github.com/bhauman/lein-figwheel,https://github.com/topics/clojure
708,tallesl,Rich-Hickey-fanclub,2.9k,https://github.com/tallesl/Rich-Hickey-fanclub,https://github.com/topics/clojure
709,babashka,babashka,2.8k,https://github.com/babashka/babashka,https://github.com/topics/clojure
710,twosigma,beakerx,2.6k,https://github.com/twosigma/beakerx,https://github.com/topics/clojure
711,pedestal,pedestal,2.5k,https://github.com/pedestal/pedestal,https://github.com/topics/clojure
712,clj-commons,aleph,2.4k,https://github.com/clj-commons/aleph,https://github.com/topics/clojure
713,weavejester,hiccup,2.4k,https://github.com/weavejester/hiccup,https://github.com/topics/clojure
714,razum2um,awesome-clojure,2.4k,https://github.com/razum2um/awesome-clojure,https://github.com/topics/clojure
715,http-kit,http-kit,2.3k,https://github.com/http-kit/http-kit,https://github.com/topics/clojure
716,defold,defold,2.2k,https://github.com/defold/defold,https://github.com/topics/clojure
717,onyx-platform,onyx,2k,https://github.com/onyx-platform/onyx,https://github.com/topics/clojure
718,anmonteiro,lumo,1.9k,https://github.com/anmonteiro/lumo,https://github.com/topics/clojure
719,xtdb,xtdb,1.9k,https://github.com/xtdb/xtdb,https://github.com/topics/clojure
720,realm,SwiftLint,16.2k,https://github.com/realm/SwiftLint,https://github.com/topics/code-quality
721,facebook,infer,13.3k,https://github.com/facebook/infer,https://github.com/topics/code-quality
722,analysis-tools-dev,static-analysis,10k,https://github.com/analysis-tools-dev/static-analysis,https://github.com/topics/code-quality
723,checkstyle,checkstyle,7.1k,https://github.com/checkstyle/checkstyle,https://github.com/topics/code-quality
724,SonarSource,sonarqube,6.9k,https://github.com/SonarSource/sonarqube,https://github.com/topics/code-quality
725,Kristories,awesome-guidelines,6.6k,https://github.com/Kristories/awesome-guidelines,https://github.com/topics/code-quality
726,facebook,pyre-check,5.9k,https://github.com/facebook/pyre-check,https://github.com/topics/code-quality
727,reviewdog,reviewdog,5.1k,https://github.com/reviewdog/reviewdog,https://github.com/topics/code-quality
728,detekt,detekt,4.6k,https://github.com/detekt/detekt,https://github.com/topics/code-quality
729,simplecov-ruby,simplecov,4.4k,https://github.com/simplecov-ruby/simplecov,https://github.com/topics/code-quality
730,import-js,eslint-plugin-import,4.1k,https://github.com/import-js/eslint-plugin-import,https://github.com/topics/code-quality
731,PyCQA,pylint,4k,https://github.com/PyCQA/pylint,https://github.com/topics/code-quality
732,pmd,pmd,3.9k,https://github.com/pmd/pmd,https://github.com/topics/code-quality
733,phpro,grumphp,3.8k,https://github.com/phpro/grumphp,https://github.com/topics/code-quality
734,htmlhint,HTMLHint,2.8k,https://github.com/htmlhint/HTMLHint,https://github.com/topics/code-quality
735,kucherenko,jscpd,2.6k,https://github.com/kucherenko/jscpd,https://github.com/topics/code-quality
736,trekhleb,state-of-the-art-shitcode,2.5k,https://github.com/trekhleb/state-of-the-art-shitcode,https://github.com/topics/code-quality
737,codeclimate,codeclimate,2.3k,https://github.com/codeclimate/codeclimate,https://github.com/topics/code-quality
738,uber,piranha,1.9k,https://github.com/uber/piranha,https://github.com/topics/code-quality
739,wemake-services,wemake-python-styleguide,1.9k,https://github.com/wemake-services/wemake-python-styleguide,https://github.com/topics/code-quality
740,ehmicky,cross-platform-node-guide,1.3k,https://github.com/ehmicky/cross-platform-node-guide,https://github.com/topics/code-quality
741,Tencent,feflow,1.2k,https://github.com/Tencent/feflow,https://github.com/topics/code-quality
742,Tencent,CodeAnalysis,1.2k,https://github.com/Tencent/CodeAnalysis,https://github.com/topics/code-quality
743,urish,typewiz,1.1k,https://github.com/urish/typewiz,https://github.com/topics/code-quality
744,jakzal,phpqa,1k,https://github.com/jakzal/phpqa,https://github.com/topics/code-quality
745,imgbot,Imgbot,909,https://github.com/imgbot/Imgbot,https://github.com/topics/code-quality
746,joshuaclayton,unused,874,https://github.com/joshuaclayton/unused,https://github.com/topics/code-quality
747,sourcery-ai,sourcery,852,https://github.com/sourcery-ai/sourcery,https://github.com/topics/code-quality
748,SonarSource,SonarJS,823,https://github.com/SonarSource/SonarJS,https://github.com/topics/code-quality
749,pdepend,pdepend,797,https://github.com/pdepend/pdepend,https://github.com/topics/code-quality
750,ovity,octotree,22k,https://github.com/ovity/octotree,https://github.com/topics/code-review
751,gitpod-io,gitpod,8.2k,https://github.com/gitpod-io/gitpod,https://github.com/topics/code-review
752,reviewdog,reviewdog,5.1k,https://github.com/reviewdog/reviewdog,https://github.com/topics/code-review
753,danger,danger,4.8k,https://github.com/danger/danger,https://github.com/topics/code-review
754,danger,danger-js,4.4k,https://github.com/danger/danger-js,https://github.com/topics/code-review
755,joho,awesome-code-review,3.4k,https://github.com/joho/awesome-code-review,https://github.com/topics/code-review
756,ajinabraham,nodejsscan,2k,https://github.com/ajinabraham/nodejsscan,https://github.com/topics/code-review
757,microsoft,vscode-pull-request-github,1.9k,https://github.com/microsoft/vscode-pull-request-github,https://github.com/topics/code-review
758,mbj,mutant,1.8k,https://github.com/mbj/mutant,https://github.com/topics/code-review
759,crev-dev,cargo-crev,1.6k,https://github.com/crev-dev/cargo-crev,https://github.com/topics/code-review
760,reviewboard,reviewboard,1.4k,https://github.com/reviewboard/reviewboard,https://github.com/topics/code-review
761,Tencent,CodeAnalysis,1.2k,https://github.com/Tencent/CodeAnalysis,https://github.com/topics/code-review
762,ryanmcdermott,code-review-tips,1.2k,https://github.com/ryanmcdermott/code-review-tips,https://github.com/topics/code-review
763,bit4woo,python_sec,1.1k,https://github.com/bit4woo/python_sec,https://github.com/topics/code-review
764,code-review-checklists,java-concurrency,1k,https://github.com/code-review-checklists/java-concurrency,https://github.com/topics/code-review
765,jiangsir404,Audit-Learning,842,https://github.com/jiangsir404/Audit-Learning,https://github.com/topics/code-review
766,TeamCodeStream,codestream,796,https://github.com/TeamCodeStream/codestream,https://github.com/topics/code-review
767,enlightn,enlightn,661,https://github.com/enlightn/enlightn,https://github.com/topics/code-review
768,palantir,policy-bot,483,https://github.com/palantir/policy-bot,https://github.com/topics/code-review
769,bsamseth,cpp-project,471,https://github.com/bsamseth/cpp-project,https://github.com/topics/code-review
770,mookid,diffr,440,https://github.com/mookid/diffr,https://github.com/topics/code-review
771,mgreiler,code-review-checklist,435,https://github.com/mgreiler/code-review-checklist,https://github.com/topics/code-review
772,JetBrains,Qodana,350,https://github.com/JetBrains/Qodana,https://github.com/topics/code-review
773,dpnishant,raptor,330,https://github.com/dpnishant/raptor,https://github.com/topics/code-review
774,sjparkinson,static-review,327,https://github.com/sjparkinson/static-review,https://github.com/topics/code-review
775,wandersoncferreira,code-review,323,https://github.com/wandersoncferreira/code-review,https://github.com/topics/code-review
776,burrito-brothers,shiba,290,https://github.com/burrito-brothers/shiba,https://github.com/topics/code-review
777,charignon,github-review,283,https://github.com/charignon/github-review,https://github.com/topics/code-review
778,erikthedeveloper,code-review-emoji-guide,227,https://github.com/erikthedeveloper/code-review-emoji-guide,https://github.com/topics/code-review
779,uwolfer,gerrit-rest-java-client,151,https://github.com/uwolfer/gerrit-rest-java-client,https://github.com/topics/code-review
780,vercel,next.js,87.7k,https://github.com/vercel/next.js,https://github.com/topics/compiler
781,rust-lang,rust,67.3k,https://github.com/rust-lang/rust,https://github.com/topics/compiler
782,webpack,webpack,61.2k,https://github.com/webpack/webpack,https://github.com/topics/compiler
783,sveltejs,svelte,59k,https://github.com/sveltejs/svelte,https://github.com/topics/compiler
784,gatsbyjs,gatsby,53k,https://github.com/gatsbyjs/gatsby,https://github.com/topics/compiler
785,JetBrains,kotlin,41.6k,https://github.com/JetBrains/kotlin,https://github.com/topics/compiler
786,babel,babel,40.9k,https://github.com/babel/babel,https://github.com/topics/compiler
787,parcel-bundler,parcel,40.8k,https://github.com/parcel-bundler/parcel,https://github.com/topics/compiler
788,evanw,esbuild,32k,https://github.com/evanw/esbuild,https://github.com/topics/compiler
789,vlang,v,29.2k,https://github.com/vlang/v,https://github.com/topics/compiler
790,markedjs,marked,27.7k,https://github.com/markedjs/marked,https://github.com/topics/compiler
791,swc-project,swc,22.4k,https://github.com/swc-project/swc,https://github.com/topics/compiler
792,vercel,pkg,21.3k,https://github.com/vercel/pkg,https://github.com/topics/compiler
793,v8,v8,19.6k,https://github.com/v8/v8,https://github.com/topics/compiler
794,ziglang,zig,14k,https://github.com/ziglang/zig,https://github.com/topics/compiler
795,AssemblyScript,assemblyscript,14.1k,https://github.com/AssemblyScript/assemblyscript,https://github.com/topics/compiler
796,Konloch,bytecode-viewer,13k,https://github.com/Konloch/bytecode-viewer,https://github.com/topics/compiler
797,nim-lang,Nim,13k,https://github.com/nim-lang/Nim,https://github.com/topics/compiler
798,RustPython,RustPython,11.4k,https://github.com/RustPython/RustPython,https://github.com/topics/compiler
799,gopherjs,gopherjs,11.1k,https://github.com/gopherjs/gopherjs,https://github.com/topics/compiler
800,compiler-explorer,compiler-explorer,10.8k,https://github.com/compiler-explorer/compiler-explorer,https://github.com/topics/compiler
801,apache,tvm,8.2k,https://github.com/apache/tvm,https://github.com/topics/compiler
802,numba,numba,7.6k,https://github.com/numba/numba,https://github.com/topics/compiler
803,JetBrains,kotlin-native,7.1k,https://github.com/JetBrains/kotlin-native,https://github.com/topics/compiler
804,Nuitka,Nuitka,6.9k,https://github.com/Nuitka/Nuitka,https://github.com/topics/compiler
805,elm,compiler,6.9k,https://github.com/elm/compiler,https://github.com/topics/compiler
806,aalhour,awesome-compilers,6.8k,https://github.com/aalhour/awesome-compilers,https://github.com/topics/compiler
807,DoctorWkt,acwj,6.5k,https://github.com/DoctorWkt/acwj,https://github.com/topics/compiler
808,rescript-lang,rescript-compiler,5.8k,https://github.com/rescript-lang/rescript-compiler,https://github.com/topics/compiler
809,enso-org,enso,5.5k,https://github.com/enso-org/enso,https://github.com/topics/compiler
810,localstack,localstack,41.4k,https://github.com/localstack/localstack,https://github.com/topics/continuous-integration
811,harness,drone,25.1k,https://github.com/harness/drone,https://github.com/topics/continuous-integration
812,jenkinsci,jenkins,19k,https://github.com/jenkinsci/jenkins,https://github.com/topics/continuous-integration
813,auchenberg,volkswagen,12.3k,https://github.com/auchenberg/volkswagen,https://github.com/topics/continuous-integration
814,openshift,origin,8.1k,https://github.com/openshift/origin,https://github.com/topics/continuous-integration
815,theonedev,onedev,7.7k,https://github.com/theonedev/onedev,https://github.com/topics/continuous-integration
816,gocd,gocd,6.5k,https://github.com/gocd/gocd,https://github.com/topics/continuous-integration
817,concourse,concourse,6.4k,https://github.com/concourse/concourse,https://github.com/topics/continuous-integration
818,buildbot,buildbot,4.8k,https://github.com/buildbot/buildbot,https://github.com/topics/continuous-integration
819,Strider-CD,strider,4.6k,https://github.com/Strider-CD/strider,https://github.com/topics/continuous-integration
820,jenkins-x,jx,4.2k,https://github.com/jenkins-x/jx,https://github.com/topics/continuous-integration
821,ovh,cds,3.9k,https://github.com/ovh/cds,https://github.com/topics/continuous-integration
822,cake-build,cake,3.3k,https://github.com/cake-build/cake,https://github.com/topics/continuous-integration
823,iterative,cml,3.3k,https://github.com/iterative/cml,https://github.com/topics/continuous-integration
824,werf,werf,3.2k,https://github.com/werf/werf,https://github.com/topics/continuous-integration
825,JamesIves,github-pages-deploy-action,2.9k,https://github.com/JamesIves/github-pages-deploy-action,https://github.com/topics/continuous-integration
826,tox-dev,tox,2.8k,https://github.com/tox-dev/tox,https://github.com/topics/continuous-integration
827,TheLartians,ModernCppStarter,2.7k,https://github.com/TheLartians/ModernCppStarter,https://github.com/topics/continuous-integration
828,shivammathur,setup-php,2.1k,https://github.com/shivammathur/setup-php,https://github.com/topics/continuous-integration
829,dreamans,syncd,2.1k,https://github.com/dreamans/syncd,https://github.com/topics/continuous-integration
830,Flagsmith,flagsmith,1.7k,https://github.com/Flagsmith/flagsmith,https://github.com/topics/continuous-integration
831,nuke-build,nuke,1.5k,https://github.com/nuke-build/nuke,https://github.com/topics/continuous-integration
832,FlowCI,flow-core-x,1.4k,https://github.com/FlowCI/flow-core-x,https://github.com/topics/continuous-integration
833,k1LoW,tbls,1.4k,https://github.com/k1LoW/tbls,https://github.com/topics/continuous-integration
834,bors-ng,bors-ng,1.3k,https://github.com/bors-ng/bors-ng,https://github.com/topics/continuous-integration
835,bmitch,churn-php,1.2k,https://github.com/bmitch/churn-php,https://github.com/topics/continuous-integration
836,agola-io,agola,1.1k,https://github.com/agola-io/agola,https://github.com/topics/continuous-integration
837,Piplin,Piplin,1k,https://github.com/Piplin/Piplin,https://github.com/topics/continuous-integration
838,filipdutescu,modern-cpp-template,1.1k,https://github.com/filipdutescu/modern-cpp-template,https://github.com/topics/continuous-integration
839,stepchowfun,toast,1k,https://github.com/stepchowfun/toast,https://github.com/topics/continuous-integration
840,CSSEGISandData,COVID-19,28.8k,https://github.com/CSSEGISandData/COVID-19,https://github.com/topics/covid-19
841,covid19india,covid19india-react,6.9k,https://github.com/covid19india/covid19india-react,https://github.com/topics/covid-19
842,nytimes,covid-19-data,6.8k,https://github.com/nytimes/covid-19-data,https://github.com/topics/covid-19
843,tokyo-metropolitan-gov,covid19,6.3k,https://github.com/tokyo-metropolitan-gov/covid19,https://github.com/topics/covid-19
844,owid,covid-19-data,5.3k,https://github.com/owid/covid-19-data,https://github.com/topics/covid-19
845,pcm-dpc,COVID-19,3.9k,https://github.com/pcm-dpc/COVID-19,https://github.com/topics/covid-19
846,ieee8023,covid-chestxray-dataset,2.8k,https://github.com/ieee8023/covid-chestxray-dataset,https://github.com/topics/covid-19
847,disease-sh,API,2.4k,https://github.com/disease-sh/API,https://github.com/topics/covid-19
848,geohot,corona,2.2k,https://github.com/geohot/corona,https://github.com/topics/covid-19
849,WorldHealthOrganization,app,2.1k,https://github.com/WorldHealthOrganization/app,https://github.com/topics/covid-19
850,corona-warn-app,cwa-server,1.8k,https://github.com/corona-warn-app/cwa-server,https://github.com/topics/covid-19
851,ahmadawais,corona-cli,1.8k,https://github.com/ahmadawais/corona-cli,https://github.com/topics/covid-19
852,github,covid19-dashboard,1.6k,https://github.com/github/covid19-dashboard,https://github.com/topics/covid-19
853,ExpDev07,coronavirus-tracker-api,1.6k,https://github.com/ExpDev07/coronavirus-tracker-api,https://github.com/topics/covid-19
854,soroushchehresa,awesome-coronavirus,1.5k,https://github.com/soroushchehresa/awesome-coronavirus,https://github.com/topics/covid-19
855,mhdhejazi,CoronaTracker,1.5k,https://github.com/mhdhejazi/CoronaTracker,https://github.com/topics/covid-19
856,neherlab,covid19_scenarios,1.4k,https://github.com/neherlab/covid19_scenarios,https://github.com/topics/covid-19
857,chandrikadeb7,Face-Mask-Detection,1.3k,https://github.com/chandrikadeb7/Face-Mask-Detection,https://github.com/topics/covid-19
858,covidpass-org,covidpass,1.2k,https://github.com/covidpass-org/covidpass,https://github.com/topics/covid-19
859,pomber,covid19,1.2k,https://github.com/pomber/covid19,https://github.com/topics/covid-19
860,chrismattmann,tika-python,1.2k,https://github.com/chrismattmann/tika-python,https://github.com/topics/covid-19
861,datasets,covid-19,1.1k,https://github.com/datasets/covid-19,https://github.com/topics/covid-19
862,FoldingAtHome,coronavirus,1.1k,https://github.com/FoldingAtHome/coronavirus,https://github.com/topics/covid-19
863,lindawangg,COVID-Net,1.1k,https://github.com/lindawangg/COVID-Net,https://github.com/topics/covid-19
864,cyberman54,ESP32-Paxcounter,1k,https://github.com/cyberman54/ESP32-Paxcounter,https://github.com/topics/covid-19
865,UCSD-AI4H,COVID-CT,967,https://github.com/UCSD-AI4H/COVID-CT,https://github.com/topics/covid-19
866,ImperialCollegeLondon,covid19model,938,https://github.com/ImperialCollegeLondon/covid19model,https://github.com/topics/covid-19
867,MoH-Malaysia,covid19-public,928,https://github.com/MoH-Malaysia/covid19-public,https://github.com/topics/covid-19
868,nychealth,coronavirus-data,914,https://github.com/nychealth/coronavirus-data,https://github.com/topics/covid-19
869,cirosantilli,china-dictatorship,870,https://github.com/cirosantilli/china-dictatorship,https://github.com/topics/covid-19
870,CyC2018,CS-Notes,152k,https://github.com/CyC2018/CS-Notes,https://github.com/topics/cpp
871,practical-tutorials,project-based-learning,68.5k,https://github.com/practical-tutorials/project-based-learning,https://github.com/topics/cpp
872,azl397985856,leetcode,48.2k,https://github.com/azl397985856/leetcode,https://github.com/topics/cpp
873,x64dbg,x64dbg,38.6k,https://github.com/x64dbg/x64dbg,https://github.com/topics/cpp
874,fffaraz,awesome-cpp,37.7k,https://github.com/fffaraz/awesome-cpp,https://github.com/topics/cpp
875,youngyangyang04,leetcode-master,27.3k,https://github.com/youngyangyang04/leetcode-master,https://github.com/topics/cpp
876,microsoft,calculator,25k,https://github.com/microsoft/calculator,https://github.com/topics/cpp
877,huihut,interview,24.4k,https://github.com/huihut/interview,https://github.com/topics/cpp
878,CMU-Perceptual-Computing-Lab,openpose,24.3k,https://github.com/CMU-Perceptual-Computing-Lab/openpose,https://github.com/topics/cpp
879,yuzu-emu,yuzu,20.4k,https://github.com/yuzu-emu/yuzu,https://github.com/topics/cpp
880,TheAlgorithms,C-Plus-Plus,19.6k,https://github.com/TheAlgorithms/C-Plus-Plus,https://github.com/topics/cpp
881,changkun,modern-cpp-tutorial,17.6k,https://github.com/changkun/modern-cpp-tutorial,https://github.com/topics/cpp
882,ethereum,solidity,17k,https://github.com/ethereum/solidity,https://github.com/topics/cpp
883,microsoft,vcpkg,15.9k,https://github.com/microsoft/vcpkg,https://github.com/topics/cpp
884,catchorg,Catch2,15.2k,https://github.com/catchorg/Catch2,https://github.com/topics/cpp
885,gabime,spdlog,14.7k,https://github.com/gabime/spdlog,https://github.com/topics/cpp
886,doocs,leetcode,14.3k,https://github.com/doocs/leetcode,https://github.com/topics/cpp
887,AnthonyCalandra,modern-cpp-features,14.1k,https://github.com/AnthonyCalandra/modern-cpp-features,https://github.com/topics/cpp
888,ssloy,tinyrenderer,13.8k,https://github.com/ssloy/tinyrenderer,https://github.com/topics/cpp
889,Qv2ray,Qv2ray,13.7k,https://github.com/Qv2ray/Qv2ray,https://github.com/topics/cpp
890,facebook,infer,13.3k,https://github.com/facebook/infer,https://github.com/topics/cpp
891,CoatiSoftware,Sourcetrail,12.7k,https://github.com/CoatiSoftware/Sourcetrail,https://github.com/topics/cpp
892,google,tink,12.4k,https://github.com/google/tink,https://github.com/topics/cpp
893,antlr,antlr4,12.3k,https://github.com/antlr/antlr4,https://github.com/topics/cpp
894,kyleneideck,BackgroundMusic,11.5k,https://github.com/kyleneideck/BackgroundMusic,https://github.com/topics/cpp
895,SFTtech,openage,11k,https://github.com/SFTtech/openage,https://github.com/topics/cpp
896,compiler-explorer,compiler-explorer,10.8k,https://github.com/compiler-explorer/compiler-explorer,https://github.com/topics/cpp
897,polybar,polybar,10.6k,https://github.com/polybar/polybar,https://github.com/topics/cpp
898,OpenRCT2,OpenRCT2,10.6k,https://github.com/OpenRCT2/OpenRCT2,https://github.com/topics/cpp
899,microsoft,IoT-For-Beginners,10.2k,https://github.com/microsoft/IoT-For-Beginners,https://github.com/topics/cpp
